id;user_id;dia;categoria;pedir_ajuste;ajuste_finalizado;observacao;created_at;updated_at;deleted_at
00fdc1e0-d331-43f1-b703-f5900a87f162;4d25c7c3-0395-4b60-8ea2-937c8d573463;2025-05-09;presencial;0;0;Apresentação na escola da Diana;2025-05-09 08:03:47;2025-05-12 14:02:49;
0116119e-c25f-4663-8ad7-904d4b6e640b;4d25c7c3-0395-4b60-8ea2-937c8d573463;2025-03-06;home_office;0;0;;2025-03-06 08:02:35;2025-03-06 08:02:35;
015eb923-628f-49db-bf93-5f9d8bdbd622;4d25c7c3-0395-4b60-8ea2-937c8d573463;2025-02-19;presencial;0;0;;2025-02-19 08:18:03;2025-02-19 08:18:03;
02619758-281f-4483-ad29-cb69781320b7;4d25c7c3-0395-4b60-8ea2-937c8d573463;2025-03-05;presencial;0;0;;2025-03-05 13:41:12;2025-03-07 08:38:46;
02ceb7e8-417c-4749-bca0-1f0811d09725;4d25c7c3-0395-4b60-8ea2-937c8d573463;2024-10-22;home_office;0;0;;2024-12-16 09:44:59;2024-12-16 09:44:59;
04997d07-69aa-4317-bbdb-c163f7efd800;4d25c7c3-0395-4b60-8ea2-937c8d573463;2025-05-19;presencial;0;0;;2025-05-19 07:59:53;2025-05-19 08:00:18;
061f9f17-1759-4931-a40d-ace7facbb271;4d25c7c3-0395-4b60-8ea2-937c8d573463;2025-09-30;home_office;0;0;;2025-09-30 11:04:45;2025-09-30 11:04:45;
06277d56-71d7-4c5e-83f4-182a96aa576e;4d25c7c3-0395-4b60-8ea2-937c8d573463;2025-11-06;home_office;0;0;;2025-11-06 11:06:48;2025-11-06 20:07:27;
07a2d67e-57d7-420e-bfa0-df8b820c792c;4d25c7c3-0395-4b60-8ea2-937c8d573463;2024-12-06;presencial;0;0;;2024-12-16 09:44:59;2024-12-16 09:44:59;
07c91d78-a158-4b49-882d-27596b2b4f3c;4d25c7c3-0395-4b60-8ea2-937c8d573463;2025-04-04;presencial;0;0;;2025-04-04 13:27:23;2025-04-04 14:31:54;
0869f11a-e916-43bf-98d5-c0edde5d5217;4d25c7c3-0395-4b60-8ea2-937c8d573463;2025-09-09;home_office;0;0;13:43S14:43;2025-09-09 11:04:56;2025-09-09 16:43:48;
08c22822-2d4c-4233-b388-b9db7e95096a;4d25c7c3-0395-4b60-8ea2-937c8d573463;2025-01-23;home_office;0;0;Dia de Terapia;2025-01-23 08:01:54;2025-01-23 08:01:54;
09a28a4a-51f8-4037-b4a7-51a4782bed0a;4d25c7c3-0395-4b60-8ea2-937c8d573463;2025-09-26;home_office;0;0;;2025-09-26 12:52:37;2025-09-26 12:52:37;
0a8c831e-2790-4de2-8aa7-3d97920ca851;4d25c7c3-0395-4b60-8ea2-937c8d573463;2024-12-19;home_office;0;0;;2024-12-19 08:06:01;2024-12-19 08:06:01;
0bc04e89-990b-4c1b-8194-e7e855b0ae14;4d25c7c3-0395-4b60-8ea2-937c8d573463;2024-11-26;presencial;0;0;;2024-12-16 09:44:59;2024-12-16 09:44:59;
0bdc78ff-f9e5-4e48-a239-bcb5af4be6ba;4d25c7c3-0395-4b60-8ea2-937c8d573463;2025-11-14;home_office;0;0;;2025-11-14 11:16:33;2025-11-14 20:16:54;
0c11afd5-b0cc-42d4-8582-60e056eb48e2;4d25c7c3-0395-4b60-8ea2-937c8d573463;2024-11-19;home_office;0;0;;2024-12-16 09:44:59;2024-12-16 09:44:59;
0c3d2bdd-9ad4-49cd-8809-15568b0bcac0;4d25c7c3-0395-4b60-8ea2-937c8d573463;2025-07-17;home_office;0;0;;2025-07-17 08:03:20;2025-07-17 08:03:20;
0d0e1fa3-8e4b-4e16-a90d-1a635c2681ae;4d25c7c3-0395-4b60-8ea2-937c8d573463;2024-11-28;home_office;1;1;Fiquei até mais tarde olhando o critério que desenquadrou no supplier;2024-12-16 09:44:59;2024-12-16 09:44:59;
0e205d9f-2c81-4912-a538-8c61b1a78516;4d25c7c3-0395-4b60-8ea2-937c8d573463;2025-05-08;home_office;0;0;Intervalo opcional de 20min para levar a Diana na escola;2025-05-08 08:03:51;2025-05-08 17:13:07;
0e6dec61-7f24-49c8-b65b-1ba7bc692277;4d25c7c3-0395-4b60-8ea2-937c8d573463;2024-11-18;home_office;0;0;;2024-12-16 09:44:59;2024-12-16 09:44:59;
0f63ad3f-2c42-4a4b-bbd1-1b63f4543d2a;4d25c7c3-0395-4b60-8ea2-937c8d573463;2025-09-17;home_office;0;0;;2025-09-17 16:38:58;2025-09-17 16:38:58;
0fb33152-8f5c-46b7-8473-d4dd100971a0;4d25c7c3-0395-4b60-8ea2-937c8d573463;2025-06-12;presencial;0;0;;2025-06-12 08:12:57;2025-06-12 13:39:46;
0fd3fdfa-1238-4a18-b399-2a547ac88d20;4d25c7c3-0395-4b60-8ea2-937c8d573463;2025-02-17;home_office;0;0;;2025-02-17 08:07:54;2025-02-17 08:07:54;
104d5593-b277-4538-900e-533d9832b8f0;4d25c7c3-0395-4b60-8ea2-937c8d573463;2025-11-05;home_office;0;0;;2025-11-05 11:06:01;2025-11-13 13:54:16;
11dd190a-1d63-44ab-9aa1-6d0123a207bd;4d25c7c3-0395-4b60-8ea2-937c8d573463;2025-06-26;home_office;1;1;S12:47E13:06ETA20Min;2025-06-26 08:03:15;2025-07-03 08:02:16;
13025b6c-1024-4c8e-8d1d-168e4bc57c4c;4d25c7c3-0395-4b60-8ea2-937c8d573463;2025-04-02;presencial;0;0;;2025-04-02 08:04:54;2025-04-02 12:35:06;
14f93087-2953-40ad-96b0-218fd3518199;4d25c7c3-0395-4b60-8ea2-937c8d573463;2025-01-27;home_office;0;0;Fui a Maricá E08:30S10:14E12:05S13:46E14:47S19:30;2025-01-27 08:39:53;2025-01-27 08:39:53;
15521860-24de-465c-940a-6807d38e7e3f;4d25c7c3-0395-4b60-8ea2-937c8d573463;2025-11-07;presencial;0;0;;2025-11-07 11:07:18;2025-11-10 13:29:17;
15cb0ae6-20ce-4d0f-94d9-371742066e76;4d25c7c3-0395-4b60-8ea2-937c8d573463;2024-12-30;home_office;0;0;;2024-12-30 08:05:38;2024-12-30 08:05:38;
15f57f6d-6a7d-4cff-bf4d-7528af6340ad;4d25c7c3-0395-4b60-8ea2-937c8d573463;2025-07-18;home_office;0;0;;2025-07-18 12:49:56;2025-07-18 12:49:56;
171e0d88-1879-41e0-8a9b-18772893a1e2;4d25c7c3-0395-4b60-8ea2-937c8d573463;2025-06-17;presencial;0;0;;2025-06-17 08:22:33;2025-06-17 08:22:41;
17aa8bb1-f12a-4915-a311-fec33d748acc;4d25c7c3-0395-4b60-8ea2-937c8d573463;2025-02-07;home_office;0;0;Saí na hora do almoço para a viagem do Cascatinha.;2025-02-07 08:03:31;2025-02-07 08:03:31;
17b865f0-ab4c-4ed0-96a9-4c4750440b2d;4d25c7c3-0395-4b60-8ea2-937c8d573463;2025-02-03;home_office;0;0;;2025-02-03 08:03:04;2025-02-03 08:03:04;
17f9a863-8080-47d9-9251-f3cf4c957bac;4d25c7c3-0395-4b60-8ea2-937c8d573463;2025-09-25;home_office;0;0;;2025-09-25 11:05:30;2025-09-25 11:05:30;
180f4e9a-9df1-4b5b-af53-d19bd52f9856;4d25c7c3-0395-4b60-8ea2-937c8d573463;2024-10-01;home_office;0;0;;2024-12-16 09:44:59;2024-12-16 09:44:59;
19866254-7f5a-4121-8ab1-e917687382e9;4d25c7c3-0395-4b60-8ea2-937c8d573463;2025-03-10;home_office;0;0;;2025-03-10 08:01:14;2025-03-10 08:01:14;
19895309-3315-498e-a254-b434e88f5bba;4d25c7c3-0395-4b60-8ea2-937c8d573463;2024-11-07;home_office;0;0;;2024-12-16 09:44:59;2024-12-16 09:44:59;
1d1c39f8-2b51-4ca1-b87e-0c0ba1c02d67;4d25c7c3-0395-4b60-8ea2-937c8d573463;2025-07-22;home_office;0;0;;2025-07-22 08:02:12;2025-07-22 08:02:12;
1d5d25f1-3c89-440a-a83d-13130a53be20;4d25c7c3-0395-4b60-8ea2-937c8d573463;2025-04-17;home_office;0;0;;2025-04-17 08:02:55;2025-04-17 08:02:55;
1db07ca9-6d1f-4a98-84b8-ffc0e0b56103;4d25c7c3-0395-4b60-8ea2-937c8d573463;2025-07-21;presencial;0;0;;2025-07-21 08:01:03;2025-07-21 10:37:27;
1dddacbf-8976-4979-a1e7-1e12fbab2db1;4d25c7c3-0395-4b60-8ea2-937c8d573463;2024-12-26;home_office;0;0;;2024-12-26 08:02:17;2024-12-26 08:02:17;
2015f5c0-2384-4694-bd13-265748174e5f;4d25c7c3-0395-4b60-8ea2-937c8d573463;2025-04-29;presencial;0;0;;2025-04-29 08:27:43;2025-04-29 08:27:43;
20812627-edec-4f8a-98f4-8525db7cde5c;4d25c7c3-0395-4b60-8ea2-937c8d573463;2025-09-02;home_office;0;0;;2025-09-02 11:05:18;2025-09-02 11:05:18;
2112e2a9-4463-4b46-9d87-74b2fb50fae2;4d25c7c3-0395-4b60-8ea2-937c8d573463;2025-04-24;home_office;0;0;Intervalo Opicional Diana Escola;2025-04-24 08:02:26;2025-04-24 13:22:58;
23cb46e1-52ec-46fb-88a0-c2e8f5d93e90;4d25c7c3-0395-4b60-8ea2-937c8d573463;2025-08-19;presencial;0;0;;2025-08-19 08:41:20;2025-08-19 08:41:36;
26b2b071-ec53-4a2d-bbf2-4c43489c544b;4d25c7c3-0395-4b60-8ea2-937c8d573463;2024-10-18;home_office;0;0;;2024-12-16 09:44:59;2024-12-16 09:44:59;
275e4fdb-8338-4cda-af50-3c6131ecef99;4d25c7c3-0395-4b60-8ea2-937c8d573463;2025-10-20;home_office;0;0;;2025-10-20 11:04:07;2025-10-21 03:06:16;
28e41738-5608-4e3b-966b-3b6fea389895;4d25c7c3-0395-4b60-8ea2-937c8d573463;2024-12-11;home_office;1;1;Almoço mais tarde em virtude da troca do dia de terapia;2024-12-16 09:44:59;2024-12-16 09:44:59;
29f304ff-a795-436c-8862-1298158fd503;4d25c7c3-0395-4b60-8ea2-937c8d573463;2025-09-08;home_office;0;0;;2025-09-08 11:03:34;2025-09-08 11:03:34;
2d478cb6-a9f0-4c81-8869-6675e1ede08f;4d25c7c3-0395-4b60-8ea2-937c8d573463;2025-03-26;presencial;0;0;;2025-03-26 08:19:28;2025-03-26 17:18:20;
2f0813e7-9dd2-4244-8400-1c73a7d955bf;4d25c7c3-0395-4b60-8ea2-937c8d573463;2024-10-03;home_office;0;0;;2024-12-16 09:44:59;2024-12-16 09:44:59;
2f49b98f-bc55-4cae-9d7f-c18ecda24acc;4d25c7c3-0395-4b60-8ea2-937c8d573463;2024-10-24;home_office;1;1;Falta de luz em casa, batimento de saida: 16:47;2024-12-16 09:44:59;2024-12-16 09:44:59;
2ff3baae-664c-4bdd-8115-04e229dde021;4d25c7c3-0395-4b60-8ea2-937c8d573463;2024-12-16;home_office;0;0;Resolvendo e verificando o problema do retorno do STONE ACR IV;2024-12-16 09:44:59;2024-12-16 09:44:59;
30120e4e-8df1-411b-83f8-73cc5d724d24;4d25c7c3-0395-4b60-8ea2-937c8d573463;2025-08-22;home_office;0;0;;2025-08-22 12:21:12;2025-08-22 12:21:12;
30a8d93a-2e89-44db-9e58-442261e996c8;4d25c7c3-0395-4b60-8ea2-937c8d573463;2025-01-10;home_office;0;0;Dia de Terapia;2025-01-10 08:07:21;2025-01-10 08:07:21;
319ec039-ce08-4d05-b00e-1ad1cdcf42f1;4d25c7c3-0395-4b60-8ea2-937c8d573463;2025-06-30;presencial;0;0;Não precisava ter ido, Queiroga mudou a escala;2025-06-30 08:06:56;2025-07-01 08:25:57;
338f2622-7327-4547-9893-939b65f3303e;4d25c7c3-0395-4b60-8ea2-937c8d573463;2024-12-13;home_office;0;0;;2024-12-16 09:44:59;2024-12-16 09:44:59;
33db8a5b-78f9-45d4-afc2-f1e67c01bfe6;4d25c7c3-0395-4b60-8ea2-937c8d573463;2025-10-30;home_office;0;0;resolvendo problema do alume;2025-10-30 11:04:59;2025-11-03 20:06:54;
33f0146c-1c75-4128-8b5b-019e6e33406b;4d25c7c3-0395-4b60-8ea2-937c8d573463;2024-12-05;home_office;0;0;;2024-12-16 09:44:59;2024-12-16 09:44:59;
3441074b-2d1e-4d5a-88f8-531129186bd8;4d25c7c3-0395-4b60-8ea2-937c8d573463;2025-03-17;presencial;0;0;;2025-03-17 08:31:00;2025-03-17 14:27:24;
348f17b8-83b1-422b-8d03-573d475236e7;4d25c7c3-0395-4b60-8ea2-937c8d573463;2025-06-24;home_office;0;0;;2025-06-24 08:02:01;2025-06-24 08:02:01;
34924bf2-9109-4dd0-8b21-16d81b3042f0;4d25c7c3-0395-4b60-8ea2-937c8d573463;2025-10-14;home_office;0;0;;2025-10-14 17:07:08;2025-10-14 17:07:08;
3772d246-8605-4cc4-856d-e97728b1d750;4d25c7c3-0395-4b60-8ea2-937c8d573463;2025-05-15;home_office;0;0;;2025-05-15 08:01:07;2025-05-15 08:01:07;
38b987ae-dd06-4666-b566-886868ce18b0;4d25c7c3-0395-4b60-8ea2-937c8d573463;2025-02-26;presencial;0;0;Eu bati o ponto e almocei mais tarde em virtude de uma cessão da op Oceano;2025-02-26 08:10:58;2025-02-26 14:58:18;
397f02c4-bf59-40f3-a8ad-4995eea5bab3;4d25c7c3-0395-4b60-8ea2-937c8d573463;2025-06-03;presencial;0;0;;2025-06-03 12:52:14;2025-06-03 12:52:31;
39c7f326-7e45-491a-b62e-1717758ca84c;4d25c7c3-0395-4b60-8ea2-937c8d573463;2025-04-09;presencial;0;0;;2025-04-09 08:10:20;2025-04-09 08:10:20;
3a22ba9b-4116-4ce1-91db-62e19a2adbb8;4d25c7c3-0395-4b60-8ea2-937c8d573463;2025-04-16;presencial;0;0;;2025-04-16 08:07:25;2025-04-16 08:07:58;
3a2903fc-001a-46e8-9f32-bb8e0725dbd6;4d25c7c3-0395-4b60-8ea2-937c8d573463;2025-03-25;presencial;0;0;;2025-03-25 08:11:20;2025-03-25 08:11:20;
3a8ddd11-f889-4b5d-94b4-7875cdfbf5a7;4d25c7c3-0395-4b60-8ea2-937c8d573463;2025-09-22;home_office;0;0;;2025-09-22 15:44:53;2025-09-22 15:44:53;
3ae1ab66-cc49-41c4-b83c-0f7b65551cb0;4d25c7c3-0395-4b60-8ea2-937c8d573463;2025-11-12;home_office;0;0;;2025-11-12 15:45:41;2025-11-13 14:01:05;
3b0426a8-9acf-455b-807a-3edd53b8cb80;4d25c7c3-0395-4b60-8ea2-937c8d573463;2024-10-02;home_office;0;0;;2024-12-16 09:44:59;2024-12-16 09:44:59;
3bb176b4-74c0-4852-9d9d-6b1adada22d9;4d25c7c3-0395-4b60-8ea2-937c8d573463;2025-04-08;presencial;0;0;;2025-04-08 08:08:29;2025-04-08 08:08:44;
3c9785d1-fd40-430d-af1b-ad04841db74f;4d25c7c3-0395-4b60-8ea2-937c8d573463;2025-10-23;home_office;0;0;;2025-10-23 11:13:13;2025-10-24 12:28:36;
3f12d515-6358-45ec-976c-16b229b7e479;4d25c7c3-0395-4b60-8ea2-937c8d573463;2024-11-06;home_office;1;1;Fiquei até mais tarde acompanhando a operação fidc consignado publico xp, saida 19:00;2024-12-16 09:44:59;2024-12-16 09:44:59;
407a5253-fa9d-4543-9dc0-f176357cdc6c;4d25c7c3-0395-4b60-8ea2-937c8d573463;2025-07-15;home_office;0;0;Pediatra da Diana no leblon;2025-07-15 08:01:05;2025-07-21 10:23:18;
433b4707-6195-47be-894a-6ee09e3189ff;4d25c7c3-0395-4b60-8ea2-937c8d573463;2025-05-05;home_office;0;0;;2025-05-05 08:02:49;2025-05-05 08:02:49;
45d55538-6912-4e41-adee-885af86968f7;4d25c7c3-0395-4b60-8ea2-937c8d573463;2024-11-14;home_office;0;0;;2024-12-16 09:44:59;2024-12-16 09:44:59;
45e87d5d-2b19-4b09-9ddf-e07eb9e980df;4d25c7c3-0395-4b60-8ea2-937c8d573463;2025-04-28;home_office;0;0;;2025-04-28 08:06:29;2025-04-28 08:06:29;
474d3b37-c5e6-4a1f-96e2-c5fd4cf0e732;4d25c7c3-0395-4b60-8ea2-937c8d573463;2024-10-17;home_office;0;0;;2024-12-16 09:44:59;2024-12-16 09:44:59;
48c5324d-6acc-417a-9ec8-7fda67219640;4d25c7c3-0395-4b60-8ea2-937c8d573463;2025-07-03;home_office;0;0;;2025-07-03 08:02:03;2025-07-03 08:02:03;
49ddd497-cec2-4cc7-a28b-e3e094b5834d;4d25c7c3-0395-4b60-8ea2-937c8d573463;2025-08-29;home_office;0;0;;2025-08-29 12:32:31;2025-08-29 12:32:31;
4a0cd8d9-fc31-46f9-b52d-eaa0cd4cdd38;4d25c7c3-0395-4b60-8ea2-937c8d573463;2025-08-14;home_office;0;0;;2025-08-14 08:54:53;2025-08-19 08:45:23;
4a39d6c6-f693-4836-aaaa-c0589893ea97;4d25c7c3-0395-4b60-8ea2-937c8d573463;2025-02-13;home_office;0;0;;2025-02-13 08:04:25;2025-02-13 08:04:25;
4d05528a-4ad3-45a6-96fa-78148d219873;4d25c7c3-0395-4b60-8ea2-937c8d573463;2024-12-10;presencial;0;0;;2024-12-16 09:44:59;2024-12-16 09:44:59;
4d8fbe07-4fc3-4e56-b617-dd875dc8d8a9;4d25c7c3-0395-4b60-8ea2-937c8d573463;2024-11-13;home_office;0;0;;2024-12-16 09:44:59;2024-12-16 09:44:59;
4edfdc80-5fe8-44b8-aa92-7c3643d1e636;4d25c7c3-0395-4b60-8ea2-937c8d573463;2025-06-20;presencial;0;0;;2025-06-20 12:34:29;2025-06-23 09:47:43;
4f7eb41e-767b-4eff-bda6-3a6faadfea7c;4d25c7c3-0395-4b60-8ea2-937c8d573463;2025-04-22;presencial;0;0;;2025-04-22 08:06:49;2025-04-22 08:07:04;
51d6c8b8-5c8d-443f-9dec-495ac72d6c6c;4d25c7c3-0395-4b60-8ea2-937c8d573463;2024-11-04;home_office;0;0;;2024-12-16 09:44:59;2024-12-16 09:44:59;
51ffb91e-4e97-46be-b0a4-a224c838fc0a;4d25c7c3-0395-4b60-8ea2-937c8d573463;2025-02-11;presencial;0;0;;2025-02-11 10:34:23;2025-02-11 10:34:23;
527fbea8-e151-48f5-a827-995a74c64906;4d25c7c3-0395-4b60-8ea2-937c8d573463;2024-11-05;home_office;0;0;;2024-12-16 09:44:59;2024-12-16 09:44:59;
52872e75-de7b-45a3-8624-36e63e40ca9b;4d25c7c3-0395-4b60-8ea2-937c8d573463;2025-11-10;home_office;0;0;;2025-11-10 11:10:19;2025-11-10 20:10:36;
534902e1-88d1-41cc-aaa4-20f9851d3a7a;4d25c7c3-0395-4b60-8ea2-937c8d573463;2025-10-28;home_office;0;0;;2025-10-28 11:11:43;2025-10-28 20:21:22;
53dff2b8-861b-495d-bd2e-f307254ab4c0;4d25c7c3-0395-4b60-8ea2-937c8d573463;2025-07-10;presencial;0;0;;2025-07-10 08:00:08;2025-07-11 10:36:42;
5401bff5-3ec9-4e50-b862-7c72f254a68e;4d25c7c3-0395-4b60-8ea2-937c8d573463;2025-06-25;presencial;0;0;;2025-06-25 08:00:40;2025-06-25 13:28:22;
553f392f-781b-40aa-8b5e-bc5a2f8eb31f;4d25c7c3-0395-4b60-8ea2-937c8d573463;2024-10-15;home_office;0;0;;2024-12-16 09:44:59;2024-12-16 09:44:59;
56ff3237-5588-4883-bc60-120ab8d9f7ca;4d25c7c3-0395-4b60-8ea2-937c8d573463;2024-12-24;home_office;0;0;;2024-12-24 07:14:47;2024-12-24 07:14:47;
572327e5-c0f1-49a8-870e-92811b25c286;4d25c7c3-0395-4b60-8ea2-937c8d573463;2025-05-07;presencial;0;0;;2025-05-07 08:03:15;2025-05-09 15:30:32;
595d80e0-7f17-4646-8d02-7b77248bbe40;4d25c7c3-0395-4b60-8ea2-937c8d573463;2025-02-27;home_office;0;0;;2025-02-27 08:02:53;2025-02-27 08:02:53;
59762ef0-f868-437e-b997-744fe227aa97;4d25c7c3-0395-4b60-8ea2-937c8d573463;2025-10-15;home_office;0;0;;2025-10-15 11:13:28;2025-10-15 11:13:28;
598969c5-1466-4760-bf10-95a4e7ca1ed8;4d25c7c3-0395-4b60-8ea2-937c8d573463;2025-07-09;home_office;0;0;S12:45R13:02E17min;2025-07-09 08:00:50;2025-08-20 15:27:27;
5b4d422a-b9d0-4c0a-a35b-e50343ff0425;4d25c7c3-0395-4b60-8ea2-937c8d573463;2025-04-30;presencial;0;0;;2025-04-30 08:01:14;2025-04-30 12:12:23;
5d366be7-2bc8-4a58-bb1d-b8db2ab9ee1f;4d25c7c3-0395-4b60-8ea2-937c8d573463;2025-01-02;presencial;0;0;;2025-01-02 08:00:13;2025-01-02 08:00:13;
5f13a311-90ee-43a6-b28a-ba0f47193ffa;4d25c7c3-0395-4b60-8ea2-937c8d573463;2025-01-20;home_office;0;0;Plantão do feriado;2025-01-20 08:04:16;2025-01-20 08:04:16;
60201c4d-30f2-4874-a5a9-4229f69d26f2;4d25c7c3-0395-4b60-8ea2-937c8d573463;2025-06-18;home_office;0;0;;2025-06-18 08:08:18;2025-06-18 08:08:18;
60487dd6-c440-4446-a3b8-f03de4ecf516;4d25c7c3-0395-4b60-8ea2-937c8d573463;2025-09-15;home_office;0;0;;2025-09-15 11:03:02;2025-09-15 11:03:02;
60d5f868-8247-47b2-b06f-f6b020464bd8;4d25c7c3-0395-4b60-8ea2-937c8d573463;2025-09-18;home_office;0;0;E18:02S19:02;2025-09-18 11:03:45;2025-09-18 21:03:52;
619e0025-bd81-4390-8adc-0c382094aed1;4d25c7c3-0395-4b60-8ea2-937c8d573463;2025-08-13;home_office;1;0;;2025-08-13 08:05:01;2025-08-14 14:38:44;
621405e6-5e64-4e15-aa52-e1d3767c30e9;4d25c7c3-0395-4b60-8ea2-937c8d573463;2025-01-13;home_office;0;0;;2025-01-13 08:11:05;2025-01-13 08:11:05;
629f6e09-c52a-4a9d-a6b5-0066384da4a0;4d25c7c3-0395-4b60-8ea2-937c8d573463;2025-05-16;presencial;0;0;;2025-05-16 12:37:01;2025-05-16 12:37:19;
62dfa129-4116-4e5a-b9e2-86f574eea49d;4d25c7c3-0395-4b60-8ea2-937c8d573463;2025-03-18;home_office;0;0;;2025-03-18 08:03:44;2025-03-18 08:03:44;
63cb20b6-4c86-43fe-bd9d-eb1d4947ca15;4d25c7c3-0395-4b60-8ea2-937c8d573463;2024-11-11;presencial;0;0;;2024-12-16 09:44:59;2024-12-16 09:44:59;
666385d6-8e60-4f20-98b2-bc0e77bb3ea1;4d25c7c3-0395-4b60-8ea2-937c8d573463;2025-11-17;home_office;0;0;;2025-11-17 11:10:20;2025-11-17 20:26:30;
6949f4bb-d6f3-4681-9278-a84bd49eb8aa;4d25c7c3-0395-4b60-8ea2-937c8d573463;2025-04-14;presencial;1;1;Otimizando o critério de maiores devedores;2025-04-14 08:07:41;2025-04-30 12:27:21;
6a374e6a-14c0-44ee-bdef-0661542be1af;4d25c7c3-0395-4b60-8ea2-937c8d573463;2024-10-25;home_office;0;0;;2024-12-16 09:44:59;2024-12-16 09:44:59;
6f116418-a272-4b72-b609-22c348975597;4d25c7c3-0395-4b60-8ea2-937c8d573463;2025-02-04;presencial;1;0;Resolvendo problema da cessão da volks;2025-02-04 08:01:42;2025-02-04 08:01:42;
6f7350cc-8ea7-444c-b07f-b8a1a279efb8;4d25c7c3-0395-4b60-8ea2-937c8d573463;2025-02-28;home_office;0;0;;2025-02-28 08:02:00;2025-02-28 08:02:00;
6faa8800-dc74-44cf-8b52-a6d89af1004f;4d25c7c3-0395-4b60-8ea2-937c8d573463;2025-11-18;home_office;0;0;;2025-11-18 11:01:00;2025-11-18 16:57:36;
6ffd7549-f321-4b3e-bedc-79eb469bd956;4d25c7c3-0395-4b60-8ea2-937c8d573463;2024-11-27;home_office;0;0;;2024-12-16 09:44:59;2024-12-16 09:44:59;
705de0c7-0e6a-4d90-ad74-b359a1100dc6;4d25c7c3-0395-4b60-8ea2-937c8d573463;2025-08-12;home_office;0;0;;2025-08-12 08:33:30;2025-08-12 08:33:30;
7180f303-5711-4182-904b-60cd8a1bf2f6;4d25c7c3-0395-4b60-8ea2-937c8d573463;2025-01-17;presencial;0;0;;2025-01-17 08:04:55;2025-01-17 08:04:55;
719fa541-fedb-4534-a70e-c59dc55f2c5b;4d25c7c3-0395-4b60-8ea2-937c8d573463;2025-09-10;home_office;0;0;13:52T14:52 ponto não bateu;2025-09-10 11:03:43;2025-09-10 17:52:49;
71c8af7e-68d4-4552-8e5c-b53a370a320c;4d25c7c3-0395-4b60-8ea2-937c8d573463;2024-10-08;home_office;0;0;;2024-12-16 09:44:59;2024-12-16 09:44:59;
72c731cf-dfe1-4582-8e44-ef623267a93e;4d25c7c3-0395-4b60-8ea2-937c8d573463;2025-07-24;home_office;0;0;;2025-07-24 08:00:55;2025-07-24 08:00:55;
734f1b83-e4bf-4f4e-bca4-f48e20f6b376;4d25c7c3-0395-4b60-8ea2-937c8d573463;2025-01-15;presencial;0;0;;2025-01-15 08:03:08;2025-01-15 08:03:08;
74ed80b8-40fa-4eff-aa0f-0ed34b6412ef;4d25c7c3-0395-4b60-8ea2-937c8d573463;2025-06-27;presencial;0;0;;2025-06-27 08:41:16;2025-06-27 08:42:32;
75b76b4b-6599-46eb-be01-9346a7c6462f;4d25c7c3-0395-4b60-8ea2-937c8d573463;2025-09-19;home_office;0;0;;2025-09-19 16:42:10;2025-09-19 16:42:10;
77175792-c2b4-43e8-8695-6c587d255213;4d25c7c3-0395-4b60-8ea2-937c8d573463;2025-07-04;home_office;0;0;;2025-07-04 12:45:39;2025-07-04 12:45:39;
78072523-8eea-422b-92a5-274c12247c68;4d25c7c3-0395-4b60-8ea2-937c8d573463;2025-03-14;presencial;0;0;PSIQUIATRA 16:00;2025-03-14 08:06:28;2025-03-14 17:20:22;
7927b73f-dc3a-49ff-930e-e31e4a4b6885;4d25c7c3-0395-4b60-8ea2-937c8d573463;2024-12-27;home_office;0;0;;2024-12-27 08:16:18;2024-12-27 08:16:18;
793b8e05-f0d0-4971-aaac-5357aed6b229;4d25c7c3-0395-4b60-8ea2-937c8d573463;2025-05-12;home_office;0;0;;2025-05-12 08:03:31;2025-05-12 08:03:31;
799a8ac7-5e62-448f-ad75-a13ce1d73840;4d25c7c3-0395-4b60-8ea2-937c8d573463;2025-02-21;presencial;0;0;;2025-02-21 13:35:33;2025-02-21 13:35:33;
7bcb8c50-55ba-4495-a002-65a28828ccef;4d25c7c3-0395-4b60-8ea2-937c8d573463;2025-06-04;home_office;1;1;S12:51E13:11-20m;2025-06-04 08:02:12;2025-06-30 08:10:46;
7e0ceaf3-e4f7-4a44-af61-6c056bbddeb2;4d25c7c3-0395-4b60-8ea2-937c8d573463;2025-03-20;home_office;1;1;Almoço resultado do teste neuropsicologico;2025-03-20 08:02:30;2025-03-26 16:16:40;
7ecdf9f3-d623-4155-804a-27004709b543;4d25c7c3-0395-4b60-8ea2-937c8d573463;2024-11-29;home_office;0;0;;2024-12-16 09:44:59;2024-12-16 09:44:59;
7f0174ac-3bed-4c83-82ab-e34931bbcf82;4d25c7c3-0395-4b60-8ea2-937c8d573463;2025-06-05;home_office;0;0;S12:46E13:07ETA20min;2025-06-05 08:03:25;2025-06-05 13:07:24;
830e84f6-0155-4602-a2bb-52e6aa4eede1;4d25c7c3-0395-4b60-8ea2-937c8d573463;2025-08-18;home_office;1;0;sem vpn e sem ponto;2025-08-18 11:42:10;2025-08-18 12:31:06;
849f8e78-3088-48c4-8903-2c86b8ad1821;4d25c7c3-0395-4b60-8ea2-937c8d573463;2025-10-31;home_office;0;0;;2025-10-31 11:13:13;2025-10-31 20:03:13;
8571d047-38fa-4f73-91a8-08fcf2d1f04e;4d25c7c3-0395-4b60-8ea2-937c8d573463;2025-04-11;presencial;1;1;Otimizando critério de faixa etária com percentual;2025-04-11 08:11:53;2025-04-30 12:27:28;
864a43a3-aedb-49b0-8303-1c8b43288413;4d25c7c3-0395-4b60-8ea2-937c8d573463;2025-10-13;home_office;0;0;;2025-10-13 11:07:41;2025-10-13 11:07:41;
8656fbc6-b268-4222-927c-5c43d4a7e15f;4d25c7c3-0395-4b60-8ea2-937c8d573463;2024-12-31;home_office;0;0;;2024-12-31 07:06:16;2024-12-31 07:06:16;
875b3d2f-095b-417d-8c5f-89704431c085;4d25c7c3-0395-4b60-8ea2-937c8d573463;2025-10-02;home_office;0;0;;2025-10-02 15:32:39;2025-10-02 15:32:39;
88aad3d9-1abf-45ad-a664-2d2e40eb0db8;4d25c7c3-0395-4b60-8ea2-937c8d573463;2025-06-16;presencial;0;0;;2025-06-16 08:27:19;2025-06-16 13:54:16;
8a06d18d-c4bc-41b6-8629-9449c0254b2a;4d25c7c3-0395-4b60-8ea2-937c8d573463;2024-10-23;home_office;0;0;;2024-12-16 09:44:59;2024-12-16 09:44:59;
8a2c36a1-b967-4952-8d12-2b9874e4830b;4d25c7c3-0395-4b60-8ea2-937c8d573463;2025-02-24;presencial;0;0;;2025-02-24 08:05:35;2025-02-24 08:05:35;
8cfaa7f6-23c5-48a4-80ef-17f447ff5740;4d25c7c3-0395-4b60-8ea2-937c8d573463;2025-04-15;presencial;0;0;;2025-04-15 12:15:26;2025-04-15 12:48:03;
8ea3ba47-6a33-44e0-8d2e-34f52aa0c7b8;4d25c7c3-0395-4b60-8ea2-937c8d573463;2024-12-12;presencial;1;1;Mongo Developer Day RJ;2024-12-16 09:44:59;2024-12-16 09:44:59;
8faedb0e-7adc-468e-97e5-d5fc807dae77;4d25c7c3-0395-4b60-8ea2-937c8d573463;2024-12-20;home_office;0;0;;2024-12-20 08:01:56;2024-12-20 08:01:56;
92c9118b-3c0c-40a7-a01a-3cdd1628b019;4d25c7c3-0395-4b60-8ea2-937c8d573463;2025-07-23;home_office;0;0;;2025-07-23 08:00:40;2025-07-23 08:00:40;
92ed7635-76ba-4c2a-b247-bc9780e27009;4d25c7c3-0395-4b60-8ea2-937c8d573463;2025-06-06;presencial;0;0;;2025-06-06 08:03:49;2025-06-06 08:04:32;
94fe142f-2f75-4ca9-b481-9291a6fbcbb8;4d25c7c3-0395-4b60-8ea2-937c8d573463;2025-10-22;home_office;0;0;;2025-10-22 15:31:12;2025-10-22 19:33:01;
95564710-b8c2-499a-b1e3-b66f2f46a18f;4d25c7c3-0395-4b60-8ea2-937c8d573463;2025-03-24;presencial;0;0;;2025-03-24 08:02:38;2025-03-24 08:03:17;
974d3bca-b68d-4e95-a94f-edb5de72f03a;4d25c7c3-0395-4b60-8ea2-937c8d573463;2024-10-09;home_office;0;0;;2024-12-16 09:44:59;2024-12-16 09:44:59;
995059b6-ba19-4d20-9fdc-cf369c40e351;4d25c7c3-0395-4b60-8ea2-937c8d573463;2025-06-23;home_office;0;0;;2025-06-23 09:44:57;2025-06-23 09:44:57;
99f6e97c-a3e8-4b89-b4dc-5798ab593f4b;4d25c7c3-0395-4b60-8ea2-937c8d573463;2025-01-22;presencial;0;0;;2025-01-22 08:01:09;2025-01-22 08:01:09;
9aba1436-52ad-4ab3-a352-4873a1b6f4fd;4d25c7c3-0395-4b60-8ea2-937c8d573463;2025-01-08;home_office;0;0;;2025-01-08 13:05:13;2025-01-08 13:05:13;
9c045272-000b-4e86-bbca-8383363e9c71;4d25c7c3-0395-4b60-8ea2-937c8d573463;2024-12-18;home_office;0;0;;2024-12-18 08:02:17;2024-12-18 08:02:17;
9d2df846-a4ec-4b27-9286-3b2037f35ab8;4d25c7c3-0395-4b60-8ea2-937c8d573463;2025-01-07;home_office;0;0;;2025-01-07 08:01:30;2025-01-07 08:01:30;
9ea9d0f7-8539-4feb-b7ae-9c9eca3b6855;4d25c7c3-0395-4b60-8ea2-937c8d573463;2025-09-23;presencial;0;0;;2025-09-23 11:19:30;2025-09-23 17:44:57;
9fb6b527-c99a-4cba-9289-82d5217d4dd0;4d25c7c3-0395-4b60-8ea2-937c8d573463;2025-03-13;home_office;0;0;Fui na 3a consulta para a avaliação neuropsicológica as 14h;2025-03-13 08:01:08;2025-03-13 17:33:07;
a106b21d-3241-4d70-bd4c-44738bb8ab6d;4d25c7c3-0395-4b60-8ea2-937c8d573463;2025-07-08;home_office;0;0;;2025-07-08 08:00:31;2025-07-08 08:00:31;
a128c6d6-6bb4-4f7a-9c1a-1f9299a518d7;4d25c7c3-0395-4b60-8ea2-937c8d573463;2025-01-03;home_office;0;0;;2025-01-03 08:03:30;2025-01-03 08:03:30;
a286958a-f56c-4441-afd1-7f90a4861844;4d25c7c3-0395-4b60-8ea2-937c8d573463;2025-04-25;presencial;0;0;;2025-04-25 08:20:38;2025-04-25 08:40:49;
a4965711-b2d0-47af-9a3b-7b809a8f7182;4d25c7c3-0395-4b60-8ea2-937c8d573463;2025-01-31;presencial;0;0;;2025-01-31 08:12:54;2025-01-31 08:12:54;
a4a7478c-1b33-4a33-be40-4a02e321d0fe;4d25c7c3-0395-4b60-8ea2-937c8d573463;2025-08-15;home_office;1;0;sem vpn e sem ponto;2025-08-15 08:09:34;2025-08-18 12:31:14;
a5499319-e810-4023-a79d-56ffff0ee8a0;4d25c7c3-0395-4b60-8ea2-937c8d573463;2024-10-16;presencial;0;0;;2024-12-16 09:44:59;2024-12-16 09:44:59;
a600d7ac-5738-4f97-986a-957d80490e83;4d25c7c3-0395-4b60-8ea2-937c8d573463;2025-09-05;home_office;0;0;;2025-09-05 11:31:08;2025-09-05 11:31:08;
a617bc4f-1e83-4924-8ec1-731e05d12c4f;4d25c7c3-0395-4b60-8ea2-937c8d573463;2024-11-25;home_office;0;0;;2024-12-16 09:44:59;2024-12-16 09:44:59;
a7a6d465-50e9-4a67-84eb-0c59a284626c;4d25c7c3-0395-4b60-8ea2-937c8d573463;2025-07-16;home_office;0;0;;2025-07-16 08:01:35;2025-07-16 08:01:35;
a7f9a204-4c8b-43e8-8fad-822f23cac59e;4d25c7c3-0395-4b60-8ea2-937c8d573463;2025-09-24;home_office;0;0;;2025-09-24 11:05:38;2025-09-24 11:05:38;
a95d2aa0-c13e-459d-ab45-7b82341c6230;4d25c7c3-0395-4b60-8ea2-937c8d573463;2025-06-11;home_office;0;0;;2025-06-11 05:01:40;2025-06-11 05:01:40;
a9ba8145-7254-4b0a-8cb4-241536554806;4d25c7c3-0395-4b60-8ea2-937c8d573463;2025-01-29;presencial;1;1;Esqueci de bater o ponto nos dois pontos;2025-01-29 08:05:06;2025-01-29 08:05:06;
aa3a7a42-fa63-4cb5-8653-25c1b4b6083e;4d25c7c3-0395-4b60-8ea2-937c8d573463;2025-01-09;presencial;0;0;;2025-01-09 08:01:01;2025-01-09 08:01:01;
aa616560-ad38-4b11-88f4-478eeabc5cf0;4d25c7c3-0395-4b60-8ea2-937c8d573463;2024-10-30;home_office;0;0;;2024-12-16 09:44:59;2024-12-16 09:44:59;
acb3c211-dc2f-4603-b0cc-7efa2564d6bb;4d25c7c3-0395-4b60-8ea2-937c8d573463;2025-01-06;home_office;0;0;Me sentindo mal.;2025-01-06 08:01:12;2025-01-06 08:01:12;
acc75320-e652-4489-810d-d8965f58b22c;4d25c7c3-0395-4b60-8ea2-937c8d573463;2025-04-23;home_office;0;0;Feriado de São Jorge;2025-04-23 10:39:14;2025-04-23 10:41:06;
adfe5434-cdd2-4e08-a565-0f0e8fe24d9c;4d25c7c3-0395-4b60-8ea2-937c8d573463;2025-01-24;presencial;0;0;Carolina passando mal.;2025-01-24 08:18:27;2025-01-24 08:18:27;
af241db2-2562-4804-818f-96dc99aaa6bf;4d25c7c3-0395-4b60-8ea2-937c8d573463;2024-10-28;home_office;0;0;;2024-12-16 09:44:59;2024-12-16 09:44:59;
afd27c5d-4b17-4bc1-9890-72249713f400;4d25c7c3-0395-4b60-8ea2-937c8d573463;2025-03-07;presencial;0;0;;2025-03-07 08:02:06;2025-03-07 08:38:56;
b07a1baa-3c3f-4199-af6d-0a1cada95da4;4d25c7c3-0395-4b60-8ea2-937c8d573463;2025-09-16;presencial;0;0;;2025-09-16 11:11:14;2025-09-18 20:26:25;
b2111801-5302-493f-a4cd-522128fc79f9;4d25c7c3-0395-4b60-8ea2-937c8d573463;2025-10-27;home_office;0;0;;2025-10-27 13:08:36;2025-10-27 19:13:52;
b27cdea8-007c-4acb-99bb-d76005e12b0f;4d25c7c3-0395-4b60-8ea2-937c8d573463;2025-03-28;presencial;0;0;;2025-03-28 08:01:31;2025-03-31 07:59:41;
b331b089-8533-4fd5-94db-afef66c58e23;4d25c7c3-0395-4b60-8ea2-937c8d573463;2024-11-21;home_office;0;0;;2024-12-16 09:44:59;2024-12-16 09:44:59;
b7521fa9-c079-4ae0-96cb-fcbd7c0b6349;4d25c7c3-0395-4b60-8ea2-937c8d573463;2025-09-11;home_office;0;0;;2025-09-11 11:02:25;2025-09-11 11:02:25;
b9216283-b381-4ee1-8c7e-54f5ceaaa03e;4d25c7c3-0395-4b60-8ea2-937c8d573463;2025-04-10;home_office;0;0;levando a Diana na escola, perdi 20m de banco.;2025-04-10 08:36:24;2025-04-11 08:13:36;
b929ad2e-7a4f-4183-91e7-b3bb3f328be8;4d25c7c3-0395-4b60-8ea2-937c8d573463;2025-05-14;presencial;0;0;;2025-05-14 08:13:25;2025-05-15 08:38:30;
bcb51dd0-584c-4905-8ba6-d5929b1b3664;4d25c7c3-0395-4b60-8ea2-937c8d573463;2025-11-04;home_office;0;0;;2025-11-04 11:14:00;2025-11-05 11:05:53;
bd679722-ab6b-47f3-a5af-56061ca55b7d;4d25c7c3-0395-4b60-8ea2-937c8d573463;2024-10-29;home_office;0;0;;2024-12-16 09:44:59;2024-12-16 09:44:59;
be61e450-cfa3-4161-9867-4d5f0e2ae42a;4d25c7c3-0395-4b60-8ea2-937c8d573463;2025-02-10;home_office;1;0;;2025-02-10 08:02:27;2025-02-10 08:02:27;
bee63acf-c8ca-4490-bd20-3350231bd263;4d25c7c3-0395-4b60-8ea2-937c8d573463;2024-10-31;home_office;0;0;;2024-12-16 09:44:59;2024-12-16 09:44:59;
c04643b6-800e-46e4-bdfc-7cccff90f64c;4d25c7c3-0395-4b60-8ea2-937c8d573463;2024-11-22;home_office;0;0;;2024-12-16 09:44:59;2024-12-16 09:44:59;
c1b065f8-78e7-40d6-aecf-e38389abfa2a;4d25c7c3-0395-4b60-8ea2-937c8d573463;2024-12-02;home_office;0;0;;2024-12-16 09:44:59;2024-12-16 09:44:59;
c22b00ff-f7d5-4b67-bbe7-642d648b89f1;4d25c7c3-0395-4b60-8ea2-937c8d573463;2025-03-21;presencial;0;0;;2025-03-21 08:06:05;2025-03-21 08:06:40;
c2a29565-50f7-4883-9b41-ce9daed06851;4d25c7c3-0395-4b60-8ea2-937c8d573463;2025-04-01;presencial;0;0;;2025-04-01 08:01:45;2025-04-01 08:04:16;
c4acc736-54df-4c85-9387-67175347bc7c;4d25c7c3-0395-4b60-8ea2-937c8d573463;2025-01-21;presencial;1;1;Pedir ajuste porque o almoço passou do horário limite das 14h almocei 15:25;2025-01-21 08:18:49;2025-01-21 08:18:49;
c5d07841-1ff3-4741-9173-358beff2425a;4d25c7c3-0395-4b60-8ea2-937c8d573463;2025-03-27;home_office;0;0;;2025-03-27 08:06:16;2025-03-27 08:06:16;
c6bf8441-9bdf-4817-996d-eb2e2eaa791c;4d25c7c3-0395-4b60-8ea2-937c8d573463;2025-04-03;home_office;0;0;;2025-04-04 08:02:35;2025-04-04 08:02:35;
c6d53e0c-c4ff-4d36-bedf-219cc2796f22;4d25c7c3-0395-4b60-8ea2-937c8d573463;2025-02-25;presencial;0;0;;2025-02-25 08:04:16;2025-02-25 08:04:16;
c749b005-928d-47aa-ba0d-e55b2eea6924;4d25c7c3-0395-4b60-8ea2-937c8d573463;2025-09-29;home_office;0;0;;2025-09-29 11:02:47;2025-09-29 11:02:47;
c9961968-1f57-4310-a496-e4b5a21c531e;4d25c7c3-0395-4b60-8ea2-937c8d573463;2025-06-09;presencial;0;0;;2025-06-09 08:01:27;2025-06-10 08:30:51;
ca2596f3-4636-4b82-868f-814336feb4e9;4d25c7c3-0395-4b60-8ea2-937c8d573463;2025-04-07;home_office;0;0;;2025-04-07 08:00:00;2025-04-07 08:00:00;
ca4a4ffc-1682-4b0c-a47e-38ec543491ce;4d25c7c3-0395-4b60-8ea2-937c8d573463;2025-07-07;presencial;0;0;;2025-07-07 08:07:25;2025-07-11 10:36:58;
cb1cad08-29c6-42f4-99a2-e2f0a1c8bc49;4d25c7c3-0395-4b60-8ea2-937c8d573463;2025-02-18;presencial;0;0;;2025-02-18 08:14:18;2025-02-18 08:14:18;
cc0cc18d-a7e0-454b-bd25-ee88c092235c;4d25c7c3-0395-4b60-8ea2-937c8d573463;2025-10-03;home_office;0;0;;2025-10-03 11:05:27;2025-10-03 11:05:27;
ce2260c9-e797-4aee-a639-d2e82eb023a7;4d25c7c3-0395-4b60-8ea2-937c8d573463;2025-01-16;home_office;0;0;;2025-01-16 08:01:20;2025-01-16 08:01:20;
ceda816d-015d-4b3a-8abb-87d158405ebe;4d25c7c3-0395-4b60-8ea2-937c8d573463;2024-12-17;presencial;0;0;;2024-12-17 08:17:33;2024-12-17 17:03:40;
cee573d5-b41e-4024-a98c-3cdd6e400b5a;4d25c7c3-0395-4b60-8ea2-937c8d573463;2025-05-13;presencial;0;0;;2025-05-13 08:20:05;2025-05-13 14:30:23;
d35eb494-1a0c-40df-9c96-7f709a4d8d72;4d25c7c3-0395-4b60-8ea2-937c8d573463;2025-01-30;home_office;0;0;;2025-01-30 08:07:30;2025-01-30 08:07:30;
d59c1b2e-c410-45cd-b8ca-d34336d6a508;4d25c7c3-0395-4b60-8ea2-937c8d573463;2024-12-09;home_office;0;0;;2024-12-16 09:44:59;2024-12-16 09:44:59;
d67f6f2e-ea0a-4056-8d89-5920e99d2847;4d25c7c3-0395-4b60-8ea2-937c8d573463;2025-06-10;presencial;0;0;;2025-06-10 08:30:20;2025-06-10 08:30:58;
d72802c8-23d2-4acc-bd97-1e549818ed12;4d25c7c3-0395-4b60-8ea2-937c8d573463;2025-08-26;presencial;0;0;;2025-08-26 08:55:12;2025-08-26 08:55:26;
d7404d24-8eb5-48cc-aeb6-fee0874556a0;4d25c7c3-0395-4b60-8ea2-937c8d573463;2025-02-14;presencial;0;0;;2025-02-14 08:11:05;2025-02-14 08:11:05;
d77ad1af-ee7e-4449-bd73-e3cfb3d3d993;4d25c7c3-0395-4b60-8ea2-937c8d573463;2025-11-03;home_office;1;0;Esqueci de marcar a saida;2025-11-03 11:09:10;2025-11-04 11:26:33;
d7a116c0-1c19-481f-b992-a096cbe15f0d;4d25c7c3-0395-4b60-8ea2-937c8d573463;2025-08-20;home_office;0;0;;2025-08-20 09:44:36;2025-08-20 09:44:36;
d9aa0b27-bd9c-405e-a0e8-b746fe021e66;4d25c7c3-0395-4b60-8ea2-937c8d573463;2025-08-27;home_office;0;0;Rodando o script da base do banqueiro xp;2025-08-27 08:48:04;2025-08-27 20:59:19;
da08bf80-7393-4ea4-9656-e49604d06b50;4d25c7c3-0395-4b60-8ea2-937c8d573463;2025-08-25;home_office;0;0;;2025-08-25 08:07:07;2025-08-25 08:07:07;
da736edc-213f-444e-9d97-4a3cf6ae3c33;4d25c7c3-0395-4b60-8ea2-937c8d573463;2025-07-25;home_office;0;0;;2025-07-25 08:01:30;2025-07-25 08:01:30;
da82d2b7-dfda-49e2-bf9a-621e0b203439;4d25c7c3-0395-4b60-8ea2-937c8d573463;2025-07-02;presencial;0;0;;2025-07-02 08:17:12;2025-07-03 08:02:53;
dafce647-140c-4037-87f7-7242d15c25a6;4d25c7c3-0395-4b60-8ea2-937c8d573463;2025-05-06;presencial;0;0;;2025-05-06 08:14:16;2025-05-06 09:04:20;
dbc68bfe-6745-4a27-937e-b304ea592fe1;4d25c7c3-0395-4b60-8ea2-937c8d573463;2025-07-01;home_office;0;0;56min de crédito;2025-07-01 08:01:58;2025-08-20 15:30:18;
dbf7eb60-b694-4de0-b6dc-20df394d5448;4d25c7c3-0395-4b60-8ea2-937c8d573463;2025-06-13;home_office;1;1;;2025-06-13 08:08:07;2025-06-30 08:10:40;
ddd63100-b5d1-4bae-98f1-f821e875b54d;4d25c7c3-0395-4b60-8ea2-937c8d573463;2024-10-07;home_office;0;0;;2024-12-16 09:44:59;2024-12-16 09:44:59;
dfe892b1-4012-4595-99a0-16c826fe957a;4d25c7c3-0395-4b60-8ea2-937c8d573463;2024-10-14;home_office;0;0;;2024-12-16 09:44:59;2024-12-16 09:44:59;
e0385c16-99c8-4c02-bc18-5b9f853e8a27;4d25c7c3-0395-4b60-8ea2-937c8d573463;2024-12-23;home_office;1;1;Esquecimento da saida do almoço, almocei mais tarde do que o horario permitido.;2024-12-23 08:03:22;2024-12-23 08:03:22;
e0ead4d9-ce44-4db1-b799-c42dd90adbc4;4d25c7c3-0395-4b60-8ea2-937c8d573463;2024-11-12;home_office;1;1;Fiquei até mais tarde em virtude do problema do critério de taxa mínima para o  MTINSS;2024-12-16 09:44:59;2024-12-16 09:44:59;
e21f1558-5f74-4121-97f0-0d0746e5a3bc;4d25c7c3-0395-4b60-8ea2-937c8d573463;2025-01-28;presencial;0;0;;2025-01-28 08:01:13;2025-01-28 08:01:13;
e4422d5a-e5ad-433e-b346-e4494569b674;4d25c7c3-0395-4b60-8ea2-937c8d573463;2024-12-03;presencial;1;1;Resolvendo o problema do Bemol;2024-12-16 09:44:59;2024-12-16 09:44:59;
e5d82646-2ee8-42c3-b297-9060b7598f98;4d25c7c3-0395-4b60-8ea2-937c8d573463;2025-09-03;home_office;0;0;S12:47E13:04ETA17min;2025-09-03 11:09:22;2025-09-03 16:05:14;
e71c9893-6339-41ff-953f-ebc7d42c9933;4d25c7c3-0395-4b60-8ea2-937c8d573463;2025-11-11;home_office;0;0;;2025-11-11 11:04:22;2025-11-11 20:08:15;
e73d57ed-e304-4079-9b9e-d4cd4db0c805;4d25c7c3-0395-4b60-8ea2-937c8d573463;2024-12-04;home_office;0;0;;2024-12-16 09:44:59;2024-12-16 09:44:59;
e7d60c40-cad6-4eca-ba30-64fb6922c15f;4d25c7c3-0395-4b60-8ea2-937c8d573463;2025-02-12;presencial;0;0;;2025-02-12 08:06:13;2025-02-12 08:06:13;
e828867a-b85e-4816-98d8-43f746551e48;4d25c7c3-0395-4b60-8ea2-937c8d573463;2025-03-12;presencial;0;0;;2025-03-12 08:11:56;2025-03-17 14:27:10;
e83b1690-8306-4eba-b8d8-56f92baa4121;4d25c7c3-0395-4b60-8ea2-937c8d573463;2025-03-19;presencial;0;0;;2025-03-19 08:22:48;2025-03-21 08:07:14;
eb2ef5ad-ff40-4d17-a9d1-fcf1447239cc;4d25c7c3-0395-4b60-8ea2-937c8d573463;2025-03-11;presencial;0;0;;2025-03-11 08:26:29;2025-03-11 12:31:37;
ebcf4297-cb46-4404-9e87-3a9c9866833a;4d25c7c3-0395-4b60-8ea2-937c8d573463;2025-10-01;presencial;0;0;;2025-10-01 11:04:58;2025-10-02 15:32:50;
ec7bc9b4-431f-4d34-93b5-6ebc55b665b2;4d25c7c3-0395-4b60-8ea2-937c8d573463;2024-11-08;home_office;0;0;;2024-12-16 09:44:59;2024-12-16 09:44:59;
ecbb9ee6-2a7e-44ad-890a-62ab3d1b2d3b;4d25c7c3-0395-4b60-8ea2-937c8d573463;2025-07-14;presencial;0;0;;2025-07-14 08:01:10;2025-07-14 08:01:21;
ee782efe-3181-4c29-b6a4-9db247517560;4d25c7c3-0395-4b60-8ea2-937c8d573463;2025-03-31;home_office;0;0;;2025-03-31 08:01:07;2025-03-31 08:01:07;
f0462c76-aa46-4670-845c-71da55e03046;4d25c7c3-0395-4b60-8ea2-937c8d573463;2024-10-04;home_office;0;0;;2024-12-16 09:44:59;2024-12-16 09:44:59;
f5510c22-f3a5-4da3-aa02-fda5eace82b7;4d25c7c3-0395-4b60-8ea2-937c8d573463;2024-10-21;home_office;0;0;;2024-12-16 09:44:59;2024-12-16 09:44:59;
f5bbd14f-e913-4c61-bef8-a6da7f0397eb;4d25c7c3-0395-4b60-8ea2-937c8d573463;2024-11-01;home_office;0;0;;2024-12-16 09:44:59;2024-12-16 09:44:59;
f61ec506-4993-40d6-8926-d1639bd6341d;4d25c7c3-0395-4b60-8ea2-937c8d573463;2025-06-02;presencial;0;0;;2025-06-02 09:08:52;2025-06-02 09:09:02;
f6486894-a0da-41d2-a468-3ebe1082fbc4;4d25c7c3-0395-4b60-8ea2-937c8d573463;2025-01-14;presencial;0;0;;2025-01-14 08:01:11;2025-01-14 12:23:05;
f77dd741-67b9-4899-81ac-05a188dbf060;4d25c7c3-0395-4b60-8ea2-937c8d573463;2025-11-13;home_office;0;0;;2025-11-13 11:10:33;2025-11-13 20:06:45;
f7a5266c-72b2-40a8-9d5a-18e8d0f4617e;4d25c7c3-0395-4b60-8ea2-937c8d573463;2025-02-06;presencial;0;0;;2025-02-06 08:11:52;2025-02-06 08:11:52;
f8f3134b-ba0b-4ba9-86ad-5d06f6ee60e4;4d25c7c3-0395-4b60-8ea2-937c8d573463;2025-09-04;presencial;0;0;;2025-09-04 11:07:11;2025-09-04 11:07:11;
f90a8bdc-30af-4684-90ef-aa3aa48a291b;4d25c7c3-0395-4b60-8ea2-937c8d573463;2025-07-11;home_office;0;0;;2025-07-11 10:36:22;2025-07-11 10:36:22;
fbe1d51e-c73b-4d6b-9174-989b4316b1b5;4d25c7c3-0395-4b60-8ea2-937c8d573463;2025-08-21;presencial;0;0;;2025-08-21 08:05:10;2025-08-21 14:11:23;
fc36c3bb-6041-429c-8d55-1169a5160632;4d25c7c3-0395-4b60-8ea2-937c8d573463;2025-02-05;presencial;1;0;Resolvendo problema da cessão da volks;2025-02-05 08:00:58;2025-02-05 08:00:58;
fda8c488-7358-4cdf-b2ed-66a615eb98f8;4d25c7c3-0395-4b60-8ea2-937c8d573463;2025-02-20;home_office;0;0;;2025-02-20 08:02:56;2025-02-20 08:02:56;
fdfa1d67-49e8-47b7-8323-8535c4af90be;4d25c7c3-0395-4b60-8ea2-937c8d573463;2025-09-01;home_office;0;0;Loguei esse horiario de entrada porque tive problemas com a senha do ldap, precisei trocar.;2025-09-01 11:11:08;2025-09-01 11:11:40;
fe35db8e-39a3-4018-a8c4-f997c29a23df;4d25c7c3-0395-4b60-8ea2-937c8d573463;2025-05-02;presencial;0;0;Saindo mais cedo pra visitar a Manuela(filha do Marquinhos) em Botafogo.;2025-05-02 08:06:11;2025-05-05 11:21:16;
fef8b594-8560-4a5f-88fe-4404a619d2eb;4d25c7c3-0395-4b60-8ea2-937c8d573463;2025-09-12;home_office;0;0;;2025-09-12 11:01:36;2025-09-12 11:01:36;
ff1f2bc2-f8b1-4751-b10f-a1a54c3b6ee6;4d25c7c3-0395-4b60-8ea2-937c8d573463;2025-08-28;home_office;0;0;;2025-08-28 11:34:11;2025-08-28 11:34:11;
