id;ponto_id;hora;tipo;observacao;created_at;updated_at;deleted_at
0022d04e-4e76-4548-a81e-39e5590d028a;dfe892b1-4012-4595-99a0-16c826fe957a;08:03:00;entrada;;2024-12-16 09:44:59;2024-12-16 09:44:59;
02b4f81f-8edc-46d2-b71a-b62cae72611a;4d05528a-4ad3-45a6-96fa-78148d219873;13:23:00;almoco_retorno;;2024-12-16 09:44:59;2024-12-16 09:44:59;
0306aa37-57c8-4e4d-bd07-07da5ccbec2e;78072523-8eea-422b-92a5-274c12247c68;17:00:00;saida;;2025-03-14 17:19:36;2025-03-14 17:19:46;
0345d75a-6e3f-4cdd-b143-adff55405bc3;bd679722-ab6b-47f3-a5af-56061ca55b7d;08:02:00;entrada;;2024-12-16 09:44:59;2024-12-16 09:44:59;
0555a38e-b229-4164-87ff-29620789b9a0;7e0ceaf3-e4f7-4a44-af61-6c056bbddeb2;13:31:00;almoco_saida;;2025-03-20 14:45:26;2025-03-26 16:16:40;
065ac818-9de5-4af2-8d73-a4c26f20bfeb;83791002-fe66-464b-9938-e6ed13a0abbe;08:01:00;entrada;;2024-12-16 09:44:59;2024-12-16 09:44:59;
06782dba-f772-4051-b996-62ab8ce6636f;51ffb91e-4e97-46be-b0a4-a224c838fc0a;17:40:00;saida;;2025-02-11 10:34:23;2025-02-11 10:34:23;
078b5ce0-753a-4f7b-a34c-4d9b17796026;cb1cad08-29c6-42f4-99a2-e2f0a1c8bc49;17:15:00;saida;;2025-02-18 17:14:06;2025-02-18 17:14:06;
086bbb62-a97a-42be-907b-0e53e999bc64;5d366be7-2bc8-4a58-bb1d-b8db2ab9ee1f;13:32:00;almoco_retorno;;2025-01-02 13:32:15;2025-01-02 13:32:15;
0877a2f2-766d-4ec6-8b8b-94eb02939b61;0a8c831e-2790-4de2-8aa7-3d97920ca851;17:07:00;saida;;2024-12-19 17:07:11;2024-12-19 17:07:11;
08a18d0a-4ed9-4455-b751-b3df6ad58e9a;19895309-3315-498e-a254-b434e88f5bba;13:30:00;almoco_saida;;2024-12-16 09:44:59;2024-12-16 09:44:59;
08e26a78-d8cc-4b0a-baac-a0a3db98a02e;e4422d5a-e5ad-433e-b346-e4494569b674;13:52:00;almoco_retorno;Resolvendo o problema do Bemol;2024-12-16 09:44:59;2024-12-16 09:44:59;
0977143d-5557-4fde-9391-489bd475f72b;3a2903fc-001a-46e8-9f32-bb8e0725dbd6;13:26:00;almoco_retorno;;2025-03-25 13:26:15;2025-03-25 13:26:15;
09b67d38-2779-43f3-b345-77859cd9e49b;a128c6d6-6bb4-4f7a-9c1a-1f9299a518d7;08:03:00;entrada;;2025-01-03 08:03:30;2025-01-03 08:03:30;
0ae6a0af-0b6a-4481-8f86-7b790d888450;6ffd7549-f321-4b3e-bedc-79eb469bd956;08:01:00;entrada;;2024-12-16 09:44:59;2024-12-16 09:44:59;
0c154141-0725-4586-8221-a649beb962f8;07a2d67e-57d7-420e-bfa0-df8b820c792c;12:17:00;almoco_saida;;2024-12-16 09:44:59;2024-12-16 09:44:59;
0c234b29-20f1-4bb3-9917-7dd0bf9439c9;a4965711-b2d0-47af-9a3b-7b809a8f7182;13:33:00;almoco_retorno;;2025-01-31 13:33:18;2025-01-31 13:33:18;
0c7d9fbb-e698-4811-ad64-78e9cea507ec;d35eb494-1a0c-40df-9c96-7f709a4d8d72;17:08:00;saida;;2025-01-30 17:08:41;2025-01-30 17:08:41;
0c99f7db-7802-4630-af83-8fc25602e72c;2d478cb6-a9f0-4c81-8869-6675e1ede08f;13:03:00;almoco_saida;;2025-03-26 13:03:29;2025-03-26 17:18:20;
0d820fa3-ce80-4a4b-ac47-e71810a836f7;08c22822-2d4c-4233-b388-b9db7e95096a;08:01:00;entrada;;2025-01-23 08:01:54;2025-01-23 08:01:54;
0dc615e0-58ec-4b46-aff1-63df7df31483;c22b00ff-f7d5-4b67-bbe7-642d648b89f1;13:25:00;almoco_retorno;;2025-03-21 13:25:52;2025-03-21 13:25:52;
0e796da9-2ba3-4066-9e08-90b99f3427f7;26b2b071-ec53-4a2d-bbf2-4c43489c544b;13:46:00;almoco_retorno;;2024-12-16 09:44:59;2024-12-16 09:44:59;
0f7880ba-88c9-47d1-a159-cf0ae2438df7;39c7f326-7e45-491a-b62e-1717758ca84c;13:27:00;almoco_retorno;;2025-04-09 13:27:16;2025-04-10 09:36:10;
0ff15591-be57-4271-b398-b7e248f137eb;a617bc4f-1e83-4924-8ec1-731e05d12c4f;13:42:00;almoco_retorno;;2024-12-16 09:44:59;2024-12-16 09:44:59;
0ff5abe4-6cdd-4b7a-8643-427222642fba;1d5d25f1-3c89-440a-a83d-13130a53be20;08:02:00;entrada;;2025-04-17 08:02:55;2025-04-17 14:43:31;
10186771-9e78-4b7e-973a-aba83bafe8fc;b331b089-8533-4fd5-94db-afef66c58e23;08:02:00;entrada;;2024-12-16 09:44:59;2024-12-16 09:44:59;
102084be-5cca-4541-976f-5ae6a344f87c;63cb20b6-4c86-43fe-bd9d-eb1d4947ca15;17:22:00;saida;;2024-12-16 09:44:59;2024-12-16 09:44:59;
10704bdb-9b53-4aff-8611-2d28f136204e;62dfa129-4116-4e5a-b9e2-86f574eea49d;17:00:00;saida;;2025-03-19 15:51:53;2025-03-19 15:51:53;
10a96034-f017-46ec-882c-937310ccd2c9;0c11afd5-b0cc-42d4-8582-60e056eb48e2;13:46:00;almoco_saida;;2024-12-16 09:44:59;2024-12-16 09:44:59;
10d67226-d1e6-45ed-8ebd-fb3bc3785ff2;8faedb0e-7adc-468e-97e5-d5fc807dae77;08:01:00;entrada;;2024-12-20 08:01:56;2024-12-20 08:01:56;
11af5837-9593-4448-9df4-fce7554d8df7;f5510c22-f3a5-4da3-aa02-fda5eace82b7;17:09:00;saida;;2024-12-16 09:44:59;2024-12-16 09:44:59;
12590e1d-a6a5-44fc-8c36-493cb2e1b5aa;734f1b83-e4bf-4f4e-bca4-f48e20f6b376;13:45:00;almoco_retorno;;2025-01-15 13:45:56;2025-01-15 13:45:56;
1327faa9-e6f7-4d97-850f-62077bc9c03f;e73d57ed-e304-4079-9b9e-d4cd4db0c805;08:05:00;entrada;;2024-12-16 09:44:59;2024-12-16 09:44:59;
1379a8bc-b6a6-40aa-a02c-8b47a438a9b3;0d0e1fa3-8e4b-4e16-a90d-1a635c2681ae;18:34:00;saida;Fiquei até mais tarde olhando o critério que desenquadrou no supplier;2024-12-16 09:44:59;2024-12-16 09:44:59;
13f21153-02fa-4b02-aef6-319f99c71f8d;e21f1558-5f74-4121-97f0-0d0746e5a3bc;12:34:00;almoco_saida;;2025-01-28 12:34:38;2025-01-28 12:34:38;
144c9066-0f79-4916-8698-b656b407ffcb;07a2d67e-57d7-420e-bfa0-df8b820c792c;08:05:00;entrada;;2024-12-16 09:44:59;2024-12-16 09:44:59;
14b0ccd1-02e7-4b16-b6fe-187a8de59ef0;07c91d78-a158-4b49-882d-27596b2b4f3c;17:17:00;saida;;2025-04-04 13:27:23;2025-04-04 13:27:23;
161ed37c-23ae-4ead-b576-79724c921d7e;38b987ae-dd06-4666-b566-886868ce18b0;17:23:00;saida;;2025-02-26 17:23:39;2025-02-26 17:23:39;
166344e9-b26e-454c-aa5a-e2f46e35ae81;07a2d67e-57d7-420e-bfa0-df8b820c792c;18:38:00;saida;;2024-12-16 09:44:59;2024-12-16 09:44:59;
16cdcdf9-e16a-403d-99a4-75a2a696f709;ee782efe-3181-4c29-b6a4-9db247517560;08:01:00;entrada;;2025-03-31 08:01:08;2025-03-31 08:01:08;
17150aba-d10d-43c6-9ab5-b23db35498d0;799a8ac7-5e62-448f-ad75-a13ce1d73840;13:05:00;almoco_retorno;;2025-02-21 13:38:15;2025-02-21 13:38:15;
178580a8-b52b-404b-9772-a2e7a1740d0d;19895309-3315-498e-a254-b434e88f5bba;08:04:00;entrada;;2024-12-16 09:44:59;2024-12-16 09:44:59;
18369d90-1c82-489a-bf95-c0cd52a359ec;f5bbd14f-e913-4c61-bef8-a6da7f0397eb;12:30:00;almoco_saida;;2024-12-16 09:44:59;2024-12-16 09:44:59;
18599d9d-7e0c-4c64-8f4d-945d4b62ab7c;974d3bca-b68d-4e95-a94f-edb5de72f03a;12:44:18;almoco_saida;;2024-12-16 09:44:59;2024-12-16 09:44:59;
18b29f3c-12ab-45ac-949f-7ce19cd15b24;474d3b37-c5e6-4a1f-96e2-c5fd4cf0e732;08:06:00;entrada;;2024-12-16 09:44:59;2024-12-16 09:44:59;
193a6918-e89b-48b6-89b3-fcc5f93de20f;7ecdf9f3-d623-4155-804a-27004709b543;13:44:00;almoco_retorno;;2024-12-16 09:44:59;2024-12-16 09:44:59;
193af792-e54a-4bce-b542-731d839359a3;eb2ef5ad-ff40-4d17-a9d1-fcf1447239cc;13:32:00;almoco_retorno;;2025-03-11 13:32:37;2025-03-11 13:32:37;
196a547b-a806-4cee-9065-00d7b55230fc;dfe892b1-4012-4595-99a0-16c826fe957a;13:48:00;almoco_retorno;;2024-12-16 09:44:59;2024-12-16 09:44:59;
1aa514ef-6cd5-4646-bbf0-9832b46b862e;28e41738-5608-4e3b-966b-3b6fea389895;14:53:00;almoco_saida;Almoço mais tarde em virtude da troca do dia de terapia;2024-12-16 09:44:59;2024-12-16 09:44:59;
1b3c10a8-d94d-4761-9121-e5c4c8d3f175;8571d047-38fa-4f73-91a8-08fcf2d1f04e;08:12:00;entrada;;2025-04-11 08:11:53;2025-04-15 16:03:30;
1b494fab-416f-48ff-b8da-7bf30c37b25e;afd27c5d-4b17-4bc1-9890-72249713f400;08:02:00;entrada;;2025-03-07 08:02:06;2025-03-07 17:14:24;
1bbc6e48-05ff-49eb-97ee-33c9136c6a04;4a39d6c6-f693-4836-aaaa-c0589893ea97;08:04:00;entrada;;2025-02-13 08:04:25;2025-02-13 08:04:25;
1bf84257-20a4-4079-a1b9-5398a0fd612a;95564710-b8c2-499a-b1e3-b66f2f46a18f;08:02:00;entrada;;2025-03-24 08:02:38;2025-03-24 13:31:21;
1cba095b-cdbc-4595-905d-e8ed9c0090cc;2d478cb6-a9f0-4c81-8869-6675e1ede08f;14:04:00;almoco_retorno;;2025-03-26 14:04:13;2025-03-26 17:18:20;
1cf97858-13e6-40d0-9f3d-2d8e1fdc2237;338f2622-7327-4547-9893-939b65f3303e;14:00:00;almoco_retorno;;2024-12-16 09:44:59;2024-12-16 09:44:59;
1d3c59ca-f93c-4dcf-94b0-be5384a6a85b;99f6e97c-a3e8-4b89-b4dc-5798ab593f4b;12:06:00;almoco_saida;;2025-01-22 12:06:12;2025-01-22 12:06:12;
1d408dae-72b3-49b3-85c2-9922ee1f76ce;b331b089-8533-4fd5-94db-afef66c58e23;14:47:00;almoco_retorno;;2024-12-16 09:44:59;2024-12-16 09:44:59;
1d47fca5-ac76-4a9b-922f-5bd42b0bbd1c;ceda816d-015d-4b3a-8abb-87d158405ebe;17:03:00;saida;;2024-12-17 17:03:40;2024-12-17 17:03:40;
1e4e0814-194a-4512-9bac-bc062b3dfbe2;0bc04e89-990b-4c1b-8194-e7e855b0ae14;12:44:00;almoco_saida;;2024-12-16 09:44:59;2024-12-16 09:44:59;
1e518cc6-5493-41e4-8c8a-8db40accaf30;553f392f-781b-40aa-8b5e-bc5a2f8eb31f;08:03:00;entrada;;2024-12-16 09:44:59;2024-12-16 09:44:59;
1ed00968-1741-4142-8a0b-0ed854926b1f;c5d07841-1ff3-4741-9173-358beff2425a;14:45:00;almoco_retorno;;2025-03-27 14:45:29;2025-03-27 14:45:29;
1ef8fcd1-d8e3-4cfb-8e4a-e52bb0ad6a92;2f49b98f-bc55-4cae-9d7f-c18ecda24acc;14:45:00;almoco_retorno;Falta de luz em casa, batimento de saida: 16:47;2024-12-16 09:44:59;2024-12-16 09:44:59;
1f1d9a08-d5d1-4b92-9bc6-74df2fa601e7;dfe892b1-4012-4595-99a0-16c826fe957a;17:05:00;saida;;2024-12-16 09:44:59;2024-12-16 09:44:59;
1f1f93b6-6f2f-402d-bd34-6eb0393dd48a;8ea3ba47-6a33-44e0-8d2e-34f52aa0c7b8;14:00:00;almoco_retorno;Mongo Developer Day RJ;2024-12-16 09:44:59;2024-12-16 09:44:59;
1f42f617-8364-4568-80d9-35bb7b8ac33f;0d0e1fa3-8e4b-4e16-a90d-1a635c2681ae;08:04:00;entrada;Fiquei até mais tarde olhando o critério que desenquadrou no supplier;2024-12-16 09:44:59;2024-12-16 09:44:59;
1f58c741-7079-4ce7-9c34-8c532143e6c3;b9216283-b381-4ee1-8c7e-54f5ceaaa03e;08:03:00;entrada;;2025-04-10 08:36:24;2025-04-11 08:14:03;
1fa98731-9f59-4fc6-8345-b14c5bdfaf29;3a22ba9b-4116-4ce1-91db-62e19a2adbb8;08:07:00;entrada;;2025-04-16 08:07:25;2025-04-16 13:29:38;
1fee76ea-c13d-4a3d-851e-574b64fe88ec;02619758-281f-4483-ad29-cb69781320b7;17:08:00;almoco_retorno;;2025-03-05 17:08:52;2025-03-07 08:38:46;
20407af2-a3a8-4ff6-8ffc-ad1618801cab;9fb6b527-c99a-4cba-9289-82d5217d4dd0;15:36:00;almoco_retorno;;2025-03-13 15:36:56;2025-03-13 18:06:49;
208353ba-21e0-40f4-b0f3-f14ea5d20afa;fc36c3bb-6041-429c-8d55-1169a5160632;18:51:00;saida;;2025-02-05 18:51:32;2025-02-05 18:51:32;
20868c3d-890e-40f9-8a20-2bc1b63a763c;f5510c22-f3a5-4da3-aa02-fda5eace82b7;13:31:00;almoco_saida;;2024-12-16 09:44:59;2024-12-16 09:44:59;
20f61cb9-156a-4ecb-ae5d-48fcf7cffc5e;acb3c211-dc2f-4603-b0cc-7efa2564d6bb;13:41:00;almoco_retorno;;2025-01-06 13:41:17;2025-01-06 13:41:17;
211fb46e-37c3-4466-8ce7-bf0afaca9800;15cb0ae6-20ce-4d0f-94d9-371742066e76;17:33:00;saida;;2024-12-30 17:33:31;2024-12-30 17:33:31;
21ad5f6b-59af-4332-ba53-3908b5d76a79;e21f1558-5f74-4121-97f0-0d0746e5a3bc;08:01:00;entrada;;2025-01-28 08:01:13;2025-01-28 08:01:13;
22b8946a-240e-4dbb-bfd2-69c8888b01f4;4d05528a-4ad3-45a6-96fa-78148d219873;12:23:00;almoco_saida;;2024-12-16 09:44:59;2024-12-16 09:44:59;
231375d6-7446-4691-b9e3-22152d9af549;51d6c8b8-5c8d-443f-9dec-495ac72d6c6c;08:06:00;entrada;;2024-12-16 09:44:59;2024-12-16 09:44:59;
232a9b11-1bcd-4b7f-82b7-8e592a99ba26;2f0813e7-9dd2-4244-8400-1c73a7d955bf;17:11:00;saida;;2024-12-16 09:44:59;2024-12-16 09:44:59;
234ac83a-01b7-4c23-8f62-ef68684badac;0c11afd5-b0cc-42d4-8582-60e056eb48e2;17:01:00;saida;;2024-12-16 09:44:59;2024-12-16 09:44:59;
239ab735-bb60-42ee-87da-46cbfc554712;1dddacbf-8976-4979-a1e7-1e12fbab2db1;14:45:00;almoco_retorno;;2024-12-26 14:45:58;2024-12-26 14:45:58;
260802c0-87aa-4408-a178-8d029422acdc;0bc04e89-990b-4c1b-8194-e7e855b0ae14;17:00:00;saida;;2024-12-16 09:44:59;2024-12-16 09:44:59;
271a2fe5-55d5-47aa-a506-dad77bb053dc;e828867a-b85e-4816-98d8-43f746551e48;12:13:00;almoco_saida;;2025-03-12 12:13:58;2025-03-17 14:27:10;
272f6f08-4811-416b-be8e-a0570bd59d25;2f0813e7-9dd2-4244-8400-1c73a7d955bf;08:07:00;entrada;;2024-12-16 09:44:59;2024-12-16 09:44:59;
2739122c-5799-4680-a0cd-624969ee025a;c4acc736-54df-4c85-9387-67175347bc7c;17:19:00;saida;;2025-01-22 12:06:12;2025-01-22 12:06:12;
2750bb24-049f-4f1b-84a7-d2646882412e;7927b73f-dc3a-49ff-930e-e31e4a4b6885;12:58:00;almoco_saida;;2024-12-27 12:58:06;2024-12-27 12:58:06;
289f93e7-7ff7-4a8f-9253-1d5e3a0fd6f9;c6bf8441-9bdf-4817-996d-eb2e2eaa791c;14:38:00;almoco_retorno;;2025-04-04 08:02:35;2025-04-04 08:02:35;
28b977ad-fb41-4124-ba8e-1db085da6fc7;62dfa129-4116-4e5a-b9e2-86f574eea49d;15:00:00;almoco_retorno;;2025-03-19 15:51:53;2025-03-19 15:51:53;
28c2013c-e8a7-4eb9-83f1-6ae57311101a;45d55538-6912-4e41-adee-885af86968f7;14:44:00;almoco_retorno;;2024-12-16 09:44:59;2024-12-16 09:44:59;
2908b9a3-59bb-4ed8-9e6e-bd3423606cd0;b9216283-b381-4ee1-8c7e-54f5ceaaa03e;14:44:00;almoco_retorno;;2025-04-11 08:13:06;2025-04-11 08:13:06;
292ed086-3046-4896-a2e3-f8aaa2a8a9f7;19866254-7f5a-4121-8ab1-e917687382e9;14:50:00;almoco_retorno;;2025-03-10 14:50:59;2025-03-10 14:50:59;
2969a46a-c741-4b27-9425-44387cafb4fe;51d6c8b8-5c8d-443f-9dec-495ac72d6c6c;17:09:00;saida;;2024-12-16 09:44:59;2024-12-16 09:44:59;
2a6d932a-7020-44fc-b6c6-c0e63519f292;527fbea8-e151-48f5-a827-995a74c64906;13:34:00;almoco_saida;;2024-12-16 09:44:59;2024-12-16 09:44:59;
2ce16b2c-01bf-4437-becb-9c2ee7933481;adfe5434-cdd2-4e08-a565-0f0e8fe24d9c;08:02:00;entrada;;2025-01-24 08:18:27;2025-01-24 08:18:27;
2da29dcb-b91d-48a6-961e-899c54d388ce;c5d07841-1ff3-4741-9173-358beff2425a;17:01:00;saida;;2025-03-27 17:01:47;2025-03-27 17:01:47;
2dc2140d-e7c9-4380-8c1c-e9e83d0f2039;af241db2-2562-4804-818f-96dc99aaa6bf;12:48:00;almoco_saida;;2024-12-16 09:44:59;2024-12-16 09:44:59;
30fe088c-c877-4cc1-ad71-79b5a113a4f9;19866254-7f5a-4121-8ab1-e917687382e9;13:40:00;almoco_saida;;2025-03-10 13:40:21;2025-03-10 13:40:21;
310c7fd5-c7bd-4255-a090-98750a5d7f11;c04643b6-800e-46e4-bdfc-7cccff90f64c;13:46:00;almoco_retorno;;2024-12-16 09:44:59;2024-12-16 09:44:59;
3110c702-8dd4-4417-8abd-b78f8efca8d4;afd27c5d-4b17-4bc1-9890-72249713f400;12:05:00;almoco_saida;;2025-03-07 12:05:42;2025-03-07 17:14:24;
312190dc-0f44-4fa4-9952-cff298bfc963;9fb6b527-c99a-4cba-9289-82d5217d4dd0;13:40:00;almoco_saida;;2025-03-13 13:40:35;2025-03-13 18:06:49;
32997e0a-e6dc-4855-8552-76fafc07b4f7;aa616560-ad38-4b11-88f4-478eeabc5cf0;08:07:00;entrada;;2024-12-16 09:44:59;2024-12-16 09:44:59;
32aabe4f-0aea-4a81-853f-2f397890a8a3;6a374e6a-14c0-44ee-bdef-0661542be1af;17:07:00;saida;;2024-12-16 09:44:59;2024-12-16 09:44:59;
32b4a3c4-fe99-4395-a23d-d996a3bf5235;fc36c3bb-6041-429c-8d55-1169a5160632;08:00:00;entrada;;2025-02-05 08:00:58;2025-02-05 08:00:58;
32f28eed-d7fa-4936-b40e-63d3546e14ef;e0385c16-99c8-4c02-bc18-5b9f853e8a27;14:05:00;almoco_saida;;2024-12-23 14:05:56;2024-12-23 14:05:56;
330e04d4-1373-426a-9244-420ca36d191b;be61e450-cfa3-4161-9867-4d5f0e2ae42a;17:22:00;saida;;2025-02-10 17:25:09;2025-03-17 09:47:41;
332430f5-b2db-44fe-a22f-1cd9e9fa91d6;bd679722-ab6b-47f3-a5af-56061ca55b7d;17:04:00;saida;;2024-12-16 09:44:59;2024-12-16 09:44:59;
3354ca73-bf48-467f-a8d4-95c2696e3ec3;30a8d93a-2e89-44db-9e58-442261e996c8;17:04:00;saida;;2025-01-10 17:04:44;2025-01-10 17:04:44;
33b32388-b7f9-4e20-bd3b-a63676e7610d;015eb923-628f-49db-bf93-5f9d8bdbd622;08:18:00;entrada;;2025-02-19 08:18:03;2025-02-19 08:18:03;
34879d3c-3f1f-42f7-9c84-db108beee4cb;6949f4bb-d6f3-4681-9278-a84bd49eb8aa;18:08:00;saida;;2025-04-15 08:20:31;2025-04-15 08:20:49;
36b2d10d-8b50-401d-8bab-66728f99b538;0c11afd5-b0cc-42d4-8582-60e056eb48e2;14:46:00;almoco_retorno;;2024-12-16 09:44:59;2024-12-16 09:44:59;
3760dc3d-15ac-4ae2-8c8a-665b76eae482;ce2260c9-e797-4aee-a639-d2e82eb023a7;17:20:00;saida;;2025-01-16 17:20:22;2025-01-16 17:20:22;
37a48848-9444-4f0e-a6cd-727cb0ebab80;8571d047-38fa-4f73-91a8-08fcf2d1f04e;18:16:00;saida;;2025-04-11 18:36:04;2025-04-15 08:21:34;
37e0889c-76be-4979-955d-66b91f0e9e4b;6f7350cc-8ea7-444c-b07f-b8a1a279efb8;08:00:00;entrada;;2025-02-28 08:02:00;2025-02-28 08:02:19;
3982b2e8-94e1-41ec-8d66-60884d2e77e8;9aba1436-52ad-4ab3-a352-4873a1b6f4fd;13:05:00;almoco_saida;;2025-01-08 13:05:13;2025-01-08 13:05:13;
398c533b-4644-494f-8297-8b385c1c0fd6;015eb923-628f-49db-bf93-5f9d8bdbd622;13:19:00;almoco_saida;;2025-02-19 13:19:37;2025-02-19 13:19:37;
3a4e7b53-10be-4373-a138-10a3e986fa4d;c6bf8441-9bdf-4817-996d-eb2e2eaa791c;16:51:00;saida;;2025-04-04 08:02:35;2025-04-04 08:02:35;
3a5785c6-bfa5-4345-a27a-f1a48560e164;4d05528a-4ad3-45a6-96fa-78148d219873;17:00:00;saida;;2024-12-16 09:44:59;2024-12-16 09:44:59;
3aaaa797-10ca-4572-b26d-17900f99f898;6f116418-a272-4b72-b609-22c348975597;14:06:00;almoco_retorno;;2025-02-04 14:06:18;2025-02-04 14:06:18;
3ab02cf4-ef5c-4803-a134-a92b049c4f87;0a8c831e-2790-4de2-8aa7-3d97920ca851;14:46:00;almoco_retorno;;2024-12-19 14:46:04;2024-12-19 14:46:04;
3ad2f2cb-1efa-441f-b5dc-a93d807d0cc3;fda8c488-7358-4cdf-b2ed-66a615eb98f8;13:20:00;almoco_saida;;2025-02-20 17:10:27;2025-02-20 17:10:27;
3b543ad0-bc5b-4992-907e-08b8dc7364d5;ddd63100-b5d1-4bae-98f1-f821e875b54d;08:06:00;entrada;;2024-12-16 09:44:59;2024-12-16 09:44:59;
3ba3b570-63c3-4a01-8833-9211a9e52382;08c22822-2d4c-4233-b388-b9db7e95096a;14:37:00;almoco_retorno;;2025-01-23 14:37:02;2025-01-23 14:37:02;
3c22530c-36d3-4d88-8a28-5b70a7742763;f0462c76-aa46-4670-845c-71da55e03046;12:42:00;almoco_saida;;2024-12-16 09:44:59;2024-12-16 09:44:59;
3d014fc7-a74b-4fbc-9ba2-5af7b0016b80;28e41738-5608-4e3b-966b-3b6fea389895;15:53:00;almoco_retorno;Almoço mais tarde em virtude da troca do dia de terapia;2024-12-16 09:44:59;2024-12-16 09:44:59;
3d1dafe3-7b9c-47f7-ac45-65ab90d425aa;3bb176b4-74c0-4852-9d9d-6b1adada22d9;08:08:00;entrada;;2025-04-08 08:08:29;2025-04-08 08:08:44;
3e05fda0-7fe2-4c26-ac77-d34c1c1165a4;51ffb91e-4e97-46be-b0a4-a224c838fc0a;08:29:00;entrada;;2025-02-11 10:34:23;2025-02-11 10:34:23;
3e6acfbf-f8ea-4e69-a19f-793f02eea947;15cb0ae6-20ce-4d0f-94d9-371742066e76;13:12:00;almoco_saida;;2024-12-30 13:12:13;2024-12-30 13:12:13;
3ed01d9a-4308-4494-bcdf-cc1f494a02fb;0e6dec61-7f24-49c8-b65b-1ba7bc692277;13:31:00;almoco_retorno;;2024-12-16 09:44:59;2024-12-16 09:44:59;
3eeefbc0-45aa-43a1-8dcb-8f3bd2032ba8;2ff3baae-664c-4bdd-8115-04e229dde021;13:11:00;almoco_saida;;2024-12-16 13:11:24;2024-12-16 13:11:24;
3f06f2d7-6963-4af2-8346-95eecb5c0879;78072523-8eea-422b-92a5-274c12247c68;08:06:00;entrada;;2025-03-14 08:06:28;2025-03-14 17:20:22;
3f92aed7-1d1b-46f9-b7be-3781a88c620a;0fd3fdfa-1238-4a18-b399-2a547ac88d20;17:02:00;saida;;2025-02-17 17:02:31;2025-02-17 17:02:31;
3fe6204f-8933-4d15-ae88-25cf6c318340;799a8ac7-5e62-448f-ad75-a13ce1d73840;17:05:00;saida;;2025-02-21 17:05:04;2025-02-21 17:05:04;
40193ca2-5c88-4dfb-a05c-b57be35778a0;d59c1b2e-c410-45cd-b8ca-d34336d6a508;08:05:00;entrada;;2024-12-16 09:44:59;2024-12-16 09:44:59;
40eb780a-3904-439f-aa5f-21a81feb5aef;aa616560-ad38-4b11-88f4-478eeabc5cf0;12:45:00;almoco_saida;;2024-12-16 09:44:59;2024-12-16 09:44:59;
41003fdf-22ee-42b1-8194-7d1e392d848d;71c8af7e-68d4-4552-8e5c-b53a370a320c;08:05:00;entrada;;2024-12-16 09:44:59;2024-12-16 09:44:59;
4100926c-70df-4eb5-bab1-c3ba382fecb4;8faedb0e-7adc-468e-97e5-d5fc807dae77;13:50:00;almoco_retorno;;2024-12-20 13:50:30;2024-12-20 13:50:30;
414e747b-2bcf-4647-9e90-36f95be43c36;621405e6-5e64-4e15-aa52-e1d3767c30e9;13:16:00;almoco_retorno;;2025-01-13 13:16:50;2025-01-13 13:16:50;
41abf567-c689-4f27-8e9c-fbbc9d325450;0bc04e89-990b-4c1b-8194-e7e855b0ae14;13:45:00;almoco_retorno;;2024-12-16 09:44:59;2024-12-16 09:44:59;
41d7b0d6-842e-4539-8055-f22e8fee4750;6a374e6a-14c0-44ee-bdef-0661542be1af;13:15:00;almoco_saida;;2024-12-16 09:44:59;2024-12-16 09:44:59;
424f26ab-de88-4a51-b82b-36a262b99363;95564710-b8c2-499a-b1e3-b66f2f46a18f;12:25:00;almoco_saida;;2025-03-24 13:29:44;2025-03-24 13:31:21;
43402709-aea9-400d-a159-ba4cde3b6c66;eb2ef5ad-ff40-4d17-a9d1-fcf1447239cc;08:26:00;entrada;;2025-03-11 08:26:29;2025-03-11 12:31:37;
43cad1de-731f-4c38-a3fb-c90511adeebc;bee63acf-c8ca-4490-bd20-3350231bd263;17:08:00;saida;;2024-12-16 09:44:59;2024-12-16 09:44:59;
44b0bc32-857d-4772-b354-238fcf278bac;2f49b98f-bc55-4cae-9d7f-c18ecda24acc;08:03:00;entrada;Falta de luz em casa, batimento de saida: 16:47;2024-12-16 09:44:59;2024-12-16 09:44:59;
453bf358-7db0-4436-8912-96348b4e56ac;e7d60c40-cad6-4eca-ba30-64fb6922c15f;14:31:00;almoco_retorno;;2025-02-12 14:27:30;2025-02-12 14:27:30;
478696de-3120-49c7-bdb1-b60416744a32;474d3b37-c5e6-4a1f-96e2-c5fd4cf0e732;13:36:00;almoco_saida;;2024-12-16 09:44:59;2024-12-16 09:44:59;
47ef3018-b39c-41bb-8744-e11425953414;aa3a7a42-fa63-4cb5-8653-25c1b4b6083e;08:00:00;entrada;;2025-01-09 08:01:01;2025-01-09 08:01:01;
4861862b-86f3-4e0b-a683-ae568ec988eb;02619758-281f-4483-ad29-cb69781320b7;16:50:00;almoco_saida;;2025-03-05 16:50:35;2025-03-07 08:38:46;
48c703ff-b096-4940-a7d1-002c8937519c;974d3bca-b68d-4e95-a94f-edb5de72f03a;08:03:00;entrada;;2024-12-16 09:44:59;2024-12-16 09:44:59;
48cbac1c-cc62-4f3f-8730-89a41fdff22b;e4422d5a-e5ad-433e-b346-e4494569b674;12:52:00;almoco_saida;Resolvendo o problema do Bemol;2024-12-16 09:44:59;2024-12-16 09:44:59;
499707c3-fbf9-4bbd-80eb-395cf5519750;0d0e1fa3-8e4b-4e16-a90d-1a635c2681ae;14:42:00;almoco_retorno;Fiquei até mais tarde olhando o critério que desenquadrou no supplier;2024-12-16 09:44:59;2024-12-16 09:44:59;
49d1160a-2884-4bb5-9dcc-f9831b2384a2;338f2622-7327-4547-9893-939b65f3303e;17:01:00;saida;;2024-12-16 09:44:59;2024-12-16 09:44:59;
49df9d57-373d-43e3-b856-bd6e306ce676;bd679722-ab6b-47f3-a5af-56061ca55b7d;14:49:00;almoco_retorno;;2024-12-16 09:44:59;2024-12-16 09:44:59;
4a49e440-ac54-4303-bac0-d839a4057b38;ce2260c9-e797-4aee-a639-d2e82eb023a7;14:48:00;almoco_retorno;;2025-01-16 16:31:34;2025-01-16 16:31:34;
4a4b808e-76e1-4671-933a-76949ec1010c;c6d53e0c-c4ff-4d36-bedf-219cc2796f22;14:07:00;almoco_retorno;;2025-02-25 14:07:16;2025-02-25 14:07:16;
4acd8b55-74c7-4542-9f79-298e44708e2d;8cfaa7f6-23c5-48a4-80ef-17f447ff5740;18:02:00;saida;;2025-04-16 08:07:36;2025-04-16 08:07:36;
4afb5786-2e83-45fd-8a7e-61a005801dbb;99f6e97c-a3e8-4b89-b4dc-5798ab593f4b;17:06:00;saida;;;;
4b3efada-15cc-4c57-b614-8a0c326a51b5;b331b089-8533-4fd5-94db-afef66c58e23;17:19:00;saida;;2024-12-16 09:44:59;2024-12-16 09:44:59;
4b40f3d3-4c67-4579-97fe-6529e24dd41a;a4965711-b2d0-47af-9a3b-7b809a8f7182;17:14:00;saida;;2025-01-31 17:14:40;2025-01-31 17:14:40;
4b5d582a-5d7e-4b18-9963-a8d5969f21f6;b27cdea8-007c-4acb-99bb-d76005e12b0f;12:52:00;almoco_saida;;2025-03-28 12:52:34;2025-03-31 07:59:41;
4b8ef3ba-e2e9-4664-bc9f-43041ada5983;3a22ba9b-4116-4ce1-91db-62e19a2adbb8;18:08:00;saida;;2025-04-16 18:08:27;2025-04-16 18:08:27;
4bbbe8c5-3997-4940-9742-fcdf9219beed;e21f1558-5f74-4121-97f0-0d0746e5a3bc;17:31:00;saida;;2025-01-28 17:31:43;2025-01-28 17:31:43;
4bc63893-76ec-4461-b57a-02ba2e869221;8a06d18d-c4bc-41b6-8629-9449c0254b2a;12:45:00;almoco_saida;;2024-12-16 09:44:59;2024-12-16 09:44:59;
4ca4ed5a-7eb7-4418-bd76-590944809ba4;5f13a311-90ee-43a6-b28a-ba0f47193ffa;12:13:00;almoco_saida;;2025-01-20 12:13:15;2025-01-20 12:13:15;
4cf36a1f-5369-4495-b1f8-79b213e4093c;14f93087-2953-40ad-96b0-218fd3518199;08:39:00;entrada;;2025-01-27 08:39:53;2025-01-27 08:39:53;
4e00f397-a303-4776-b545-90cb00cb499a;fc36c3bb-6041-429c-8d55-1169a5160632;13:48:00;almoco_retorno;;2025-02-05 13:49:05;2025-02-05 13:49:05;
4e0b9e02-ff3d-40c0-aeb6-184da52139c6;aa3a7a42-fa63-4cb5-8653-25c1b4b6083e;14:12:00;almoco_retorno;;2025-01-09 14:12:50;2025-01-09 14:12:50;
4e3decbe-b6c0-431e-b5cc-bfd3b6a2b2b1;eb2ef5ad-ff40-4d17-a9d1-fcf1447239cc;12:31:00;almoco_saida;;2025-03-11 12:31:29;2025-03-11 12:31:37;
4e4f111b-10fe-401c-867b-1b4e0e2dd556;d7404d24-8eb5-48cc-aeb6-fee0874556a0;12:08:00;almoco_saida;;2025-02-14 12:08:13;2025-02-14 12:08:13;
4e55ae15-b7bd-4a50-8836-be55f10aba76;553f392f-781b-40aa-8b5e-bc5a2f8eb31f;15:01:00;almoco_retorno;;2024-12-16 09:44:59;2024-12-16 09:44:59;
4ec8de22-fc35-4d89-ba55-0e7a02d5cacc;a5499319-e810-4023-a79d-56ffff0ee8a0;14:45:00;almoco_retorno;;2024-12-16 09:44:59;2024-12-16 09:44:59;
4f8044ae-9ceb-4c35-b81a-f677c893a31a;2f49b98f-bc55-4cae-9d7f-c18ecda24acc;13:43:00;almoco_saida;Falta de luz em casa, batimento de saida: 16:47;2024-12-16 09:44:59;2024-12-16 09:44:59;
4f96db7e-d9d2-4dc8-96f1-c8674a5cd379;17b865f0-ab4c-4ed0-96a9-4c4750440b2d;08:03:00;entrada;;2025-02-03 08:03:04;2025-02-03 08:03:04;
507fea22-c90d-4421-b4fe-a4df4856ddfa;7ecdf9f3-d623-4155-804a-27004709b543;17:44:00;saida;;2024-12-16 09:44:59;2024-12-16 09:44:59;
50920b39-6260-4323-91cd-87beae259f48;e0385c16-99c8-4c02-bc18-5b9f853e8a27;15:06:00;almoco_retorno;;2024-12-23 15:06:06;2024-12-23 15:06:06;
51214fa3-781f-4d4a-b0ef-8268cf69635e;a128c6d6-6bb4-4f7a-9c1a-1f9299a518d7;17:02:00;saida;;2025-01-03 17:02:17;2025-01-03 17:02:17;
514459e9-4108-44b6-870b-9a52e418a44e;4a39d6c6-f693-4836-aaaa-c0589893ea97;13:50:00;almoco_retorno;;2025-02-13 13:49:42;2025-02-13 13:49:42;
5248e38f-7a6d-49d8-8989-42602455482c;799a8ac7-5e62-448f-ad75-a13ce1d73840;08:02:00;entrada;;2025-02-21 13:36:33;2025-02-21 13:36:33;
533e6e8e-c1f6-49df-9d27-f3c3eb1ab4dc;a4965711-b2d0-47af-9a3b-7b809a8f7182;08:12:00;entrada;;2025-01-31 08:12:54;2025-01-31 08:12:54;
536854f5-7ead-4b30-a4ac-87563bb7f380;e4422d5a-e5ad-433e-b346-e4494569b674;18:05:00;saida;Resolvendo o problema do Bemol;2024-12-16 09:44:59;2024-12-16 09:44:59;
53ebcb89-a6fb-41e6-93a4-1ab8d785d2e4;56ff3237-5588-4883-bc60-120ab8d9f7ca;07:14:00;entrada;;2024-12-24 07:14:47;2024-12-24 07:14:47;
557d13ee-48a3-4e0f-881d-6a112f946f67;595d80e0-7f17-4646-8d02-7b77248bbe40;15:23:00;almoco_retorno;;2025-02-27 15:23:43;2025-02-27 16:59:03;
559bb875-868f-4649-9708-30b72675250c;d35eb494-1a0c-40df-9c96-7f709a4d8d72;08:07:00;entrada;;2025-01-30 08:07:30;2025-01-30 08:07:30;
55c7379d-33dd-4f19-919d-476e51e1bf46;c1b065f8-78e7-40d6-aecf-e38389abfa2a;12:46:00;almoco_saida;;2024-12-16 09:44:59;2024-12-16 09:44:59;
5673a04b-c060-4516-985f-7d7a98dbee92;ee782efe-3181-4c29-b6a4-9db247517560;12:38:00;almoco_saida;;2025-03-31 08:01:08;2025-03-31 08:01:08;
56d229e8-b6fc-4c57-9875-988bbe6791d5;c22b00ff-f7d5-4b67-bbe7-642d648b89f1;08:00:00;entrada;;2025-03-21 08:06:05;2025-03-21 08:06:40;
56ff6491-fa51-4e74-9d0d-a5ff58e697da;1dddacbf-8976-4979-a1e7-1e12fbab2db1;13:41:00;almoco_saida;;2024-12-26 13:41:01;2024-12-26 13:41:01;
572bbcb9-a86f-4a20-bcde-00fce9984ef3;2ff3baae-664c-4bdd-8115-04e229dde021;17:44:00;saida;;2024-12-16 17:44:33;2024-12-16 17:44:33;
58988a59-b2ad-48d2-ac3d-a5bd449819ac;c2a29565-50f7-4883-9b41-ce9daed06851;12:49:00;almoco_saida;;2025-04-01 12:49:22;2025-04-01 12:49:22;
58bbeda8-31f6-4cea-b216-aa6040519371;f5bbd14f-e913-4c61-bef8-a6da7f0397eb;17:10:00;saida;;2024-12-16 09:44:59;2024-12-16 09:44:59;
58eaa4b9-6b79-44d1-80c9-b5a83df3bfba;0116119e-c25f-4663-8ad7-904d4b6e640b;15:15:00;almoco_retorno;;2025-03-06 15:15:28;2025-03-06 15:15:28;
59602db6-6b47-4ee9-9ab0-0506e1fdda69;f0462c76-aa46-4670-845c-71da55e03046;08:03:00;entrada;;2024-12-16 09:44:59;2024-12-16 09:44:59;
5961b53a-ec99-483e-bf38-fa1dd2bf568d;afd27c5d-4b17-4bc1-9890-72249713f400;13:37:00;almoco_retorno;;2025-03-07 13:37:27;2025-03-07 17:14:24;
59df019c-b2b7-438f-9571-b1302d8972f7;45d55538-6912-4e41-adee-885af86968f7;08:05:00;entrada;;2024-12-16 09:44:59;2024-12-16 09:44:59;
5afa689d-187f-44f1-92ac-0e04967843aa;0e6dec61-7f24-49c8-b65b-1ba7bc692277;12:31:00;almoco_saida;;2024-12-16 09:44:59;2024-12-16 09:44:59;
5afab53a-4957-41a8-970c-32edf69e2596;ddd63100-b5d1-4bae-98f1-f821e875b54d;13:45:00;almoco_retorno;;2024-12-16 09:44:59;2024-12-16 09:44:59;
5c849416-5de1-4144-9ed6-cf40151ad4a9;5f13a311-90ee-43a6-b28a-ba0f47193ffa;13:16:00;almoco_retorno;;2025-01-20 13:16:25;2025-01-20 13:16:25;
5cb4c328-f9a4-46be-968a-4b0054152b2e;71c8af7e-68d4-4552-8e5c-b53a370a320c;15:30:00;almoco_retorno;;2024-12-16 09:44:59;2024-12-16 09:44:59;
5d96c544-1dd3-4137-8f0b-68d547710100;ceda816d-015d-4b3a-8abb-87d158405ebe;08:17:00;entrada;;2024-12-17 08:17:33;2024-12-17 08:17:33;
5dde7ed2-6857-4ca6-8222-a1f596075938;595d80e0-7f17-4646-8d02-7b77248bbe40;13:50:00;almoco_saida;;2025-02-27 13:50:15;2025-02-27 16:59:03;
5e041ccc-12bb-4df8-8fe0-65372a359ee4;02ceb7e8-417c-4749-bca0-1f0811d09725;13:48:00;almoco_retorno;;2024-12-16 09:44:59;2024-12-16 09:44:59;
5e3d06c3-7a1f-46f9-8dc7-b17a25cdfd54;f0462c76-aa46-4670-845c-71da55e03046;17:23:00;saida;;2024-12-16 09:44:59;2024-12-16 09:44:59;
5e3decf1-a803-48ab-8b08-682e7ca93aab;ca2596f3-4636-4b82-868f-814336feb4e9;16:31:00;saida;;2025-04-07 08:00:00;2025-04-07 08:00:00;
5ec366de-0a05-4867-a811-7003dea111f7;1dddacbf-8976-4979-a1e7-1e12fbab2db1;17:05:00;saida;;2024-12-26 17:05:23;2024-12-26 17:05:23;
5f8f750a-e702-44c8-aa0f-f073fa71d4dc;4d8fbe07-4fc3-4e56-b617-dd875dc8d8a9;08:02:00;entrada;;2024-12-16 09:44:59;2024-12-16 09:44:59;
5fc3b509-9578-49c5-a829-a6911b0bc000;8a06d18d-c4bc-41b6-8629-9449c0254b2a;08:03:00;entrada;;2024-12-16 09:44:59;2024-12-16 09:44:59;
5fdea8e8-dcd1-4c5f-837b-1caabef58229;6949f4bb-d6f3-4681-9278-a84bd49eb8aa;12:37:00;almoco_saida;;2025-04-14 12:37:35;2025-04-14 12:37:35;
609f4168-242c-4350-b5f7-47edac426cb1;f7a5266c-72b2-40a8-9d5a-18e8d0f4617e;14:46:00;almoco_retorno;;2025-02-06 14:46:06;2025-02-06 14:46:06;
60c2cfc6-6db4-4927-902b-555cb9e7df09;eb2ef5ad-ff40-4d17-a9d1-fcf1447239cc;17:27:00;saida;;2025-03-11 17:27:19;2025-03-11 17:27:19;
60cc6657-7d45-447a-87d8-e8f5920434d3;8a06d18d-c4bc-41b6-8629-9449c0254b2a;13:50:00;almoco_retorno;;2024-12-16 09:44:59;2024-12-16 09:44:59;
60e3580e-d3a1-4bb0-8f38-8661bd996741;6a374e6a-14c0-44ee-bdef-0661542be1af;08:07:00;entrada;;2024-12-16 09:44:59;2024-12-16 09:44:59;
60f22b0e-7d43-4839-8101-654cf298f9fc;71c8af7e-68d4-4552-8e5c-b53a370a320c;13:40:00;almoco_saida;;2024-12-16 09:44:59;2024-12-16 09:44:59;
610da166-e1ff-4231-8755-de1e1af2397e;acb3c211-dc2f-4603-b0cc-7efa2564d6bb;12:36:00;almoco_saida;;2025-01-06 12:36:25;2025-01-06 12:36:25;
611e1ebc-9264-4b09-9783-fa3149ab1079;c04643b6-800e-46e4-bdfc-7cccff90f64c;17:00:00;saida;;2024-12-16 09:44:59;2024-12-16 09:44:59;
615dce22-efd1-46fb-9429-72bec4c80071;0bc04e89-990b-4c1b-8194-e7e855b0ae14;08:03:00;entrada;;2024-12-16 09:44:59;2024-12-16 09:44:59;
61e09351-d6d7-49ba-95b7-8c749767f809;c6bf8441-9bdf-4817-996d-eb2e2eaa791c;08:06:00;entrada;;2025-04-04 08:02:35;2025-04-04 08:02:35;
62774c80-3cd4-4e2e-abf2-66abdfd60f56;ec7bc9b4-431f-4d34-93b5-6ebc55b665b2;13:44:00;almoco_retorno;;2024-12-16 09:44:59;2024-12-16 09:44:59;
628997ce-e5ed-4455-a9b0-be40e2298339;a5499319-e810-4023-a79d-56ffff0ee8a0;17:51:00;saida;;2024-12-16 09:44:59;2024-12-16 09:44:59;
62dd135c-7844-4a46-a2ac-2fccb8ce765a;cb1cad08-29c6-42f4-99a2-e2f0a1c8bc49;13:11:00;almoco_retorno;;2025-02-18 13:11:49;2025-02-18 13:11:49;
62dfa129-4116-4e5a-b9e2-86f574eea49d;62dfa129-4116-4e5a-b9e2-86f574eea49d;14:00:00;almoco_saida;;2025-03-19 15:51:53;2025-03-19 15:51:53;
6448d2c6-370c-42b3-b62c-2b6b855d1792;180f4e9a-9df1-4b5b-af53-d19bd52f9856;13:47:00;almoco_saida;;2024-12-16 09:44:59;2024-12-16 09:44:59;
6459f889-7e0b-407b-ab2d-2e82b9e7f2ba;3f12d515-6358-45ec-976c-16b229b7e479;08:04:00;entrada;Fiquei até mais tarde acompanhando a operação fidc consignado publico xp, saida 19:00;2024-12-16 09:44:59;2024-12-16 09:44:59;
646bf25d-12d5-49c8-ba72-c088815f3e8a;f7a5266c-72b2-40a8-9d5a-18e8d0f4617e;17:18:00;saida;;2025-02-06 17:18:17;2025-02-06 17:18:17;
656ee01f-39f5-4c07-b363-71b58a1fe963;6f7350cc-8ea7-444c-b07f-b8a1a279efb8;17:07:00;saida;;2025-02-28 17:07:03;2025-02-28 17:07:03;
658dce6b-93ae-4e8e-9950-ad22a57e9fd7;e73d57ed-e304-4079-9b9e-d4cd4db0c805;14:03:00;almoco_saida;;2024-12-16 09:44:59;2024-12-16 09:44:59;
66ba1a43-37dd-498f-83ff-c3a0fad7d0a0;e4422d5a-e5ad-433e-b346-e4494569b674;08:01:00;entrada;Resolvendo o problema do Bemol;2024-12-16 09:44:59;2024-12-16 09:44:59;
67490a57-f55a-4506-bac1-aecbbb041b1b;c22b00ff-f7d5-4b67-bbe7-642d648b89f1;17:23:00;saida;;2025-03-21 17:23:40;2025-03-21 17:23:40;
67580ea7-b6ee-4799-92b6-ed49aa0d12ad;e83b1690-8306-4eba-b8d8-56f92baa4121;13:44:00;almoco_retorno;;2025-03-19 13:44:39;2025-03-21 08:07:14;
67dc5a8c-1de7-4ea1-8072-0ad9fd105c2c;9c045272-000b-4e86-bbca-8383363e9c71;08:02:00;entrada;;2024-12-18 08:02:17;2024-12-18 08:02:17;
68ea970b-1161-49ee-9c0d-d4c5957d6cf5;6f116418-a272-4b72-b609-22c348975597;08:01:00;entrada;;2025-02-04 08:01:42;2025-02-04 08:01:42;
6917aa2d-76ce-41cb-8a80-a30fe32222a9;0116119e-c25f-4663-8ad7-904d4b6e640b;17:31:00;saida;;2025-03-06 17:31:33;2025-03-06 17:31:33;
6944b127-99e2-45c0-92d7-b48ebf3a7cc2;adfe5434-cdd2-4e08-a565-0f0e8fe24d9c;12:38:00;almoco_saida;;2025-01-24 12:38:03;2025-01-24 12:38:03;
6a08dd66-3658-47ff-8e33-a86612894150;b27cdea8-007c-4acb-99bb-d76005e12b0f;13:56:00;almoco_retorno;;2025-03-28 13:56:00;2025-03-31 07:59:41;
6a8c27cf-5f79-4a28-8490-db473793f062;fc36c3bb-6041-429c-8d55-1169a5160632;12:48:00;almoco_saida;;2025-02-05 12:48:52;2025-02-05 12:48:52;
6b1784fa-5a3f-44de-9a20-829d4f7ac9f8;33f0146c-1c75-4128-8b5b-019e6e33406b;14:37:00;almoco_retorno;;2024-12-16 09:44:59;2024-12-16 09:44:59;
6b661b19-c6a9-4cd2-9103-00625b013f13;e0ead4d9-ce44-4db1-b799-c42dd90adbc4;13:42:00;almoco_retorno;Fiquei até mais tarde em virtude do problema do critério de taxa mínima para o  MTINSS;2024-12-16 09:44:59;2024-12-16 09:44:59;
6c340454-6ee6-4dce-9d04-0697d9070410;4d8fbe07-4fc3-4e56-b617-dd875dc8d8a9;13:46:00;almoco_retorno;;2024-12-16 09:44:59;2024-12-16 09:44:59;
6cda056d-d71e-4581-b6a0-2d4181c6c1e4;be61e450-cfa3-4161-9867-4d5f0e2ae42a;14:54:00;almoco_saida;;2025-02-10 14:54:03;2025-03-17 09:47:41;
6d3e73c9-0ae8-482e-bbd4-796c3fda6f85;734f1b83-e4bf-4f4e-bca4-f48e20f6b376;17:28:00;saida;;2025-01-15 17:28:56;2025-01-15 17:28:56;
6da3edae-1c66-4a63-82bd-419aef306a7b;e7d60c40-cad6-4eca-ba30-64fb6922c15f;08:06:00;entrada;;2025-02-12 08:06:13;2025-02-12 08:06:13;
6dabd2fb-33d1-49fc-82e4-c46d626d1093;9c045272-000b-4e86-bbca-8383363e9c71;14:00:00;almoco_retorno;;2024-12-18 14:00:43;2024-12-18 14:00:43;
6db29762-fb96-4cf7-9563-5b0c7ec6a3aa;e828867a-b85e-4816-98d8-43f746551e48;13:17:00;almoco_retorno;;2025-03-12 13:16:40;2025-03-17 14:27:10;
6e05b8bb-96b8-4a34-9de2-45c165d2572f;1d5d25f1-3c89-440a-a83d-13130a53be20;13:39:00;almoco_saida;;2025-04-17 13:39:17;2025-04-17 13:39:17;
6e3834a6-5b19-45e7-8a8e-d494bf24136d;a9ba8145-7254-4b0a-8cb4-241536554806;13:03:00;almoco_saida;;2025-01-29 13:03:48;2025-01-29 13:03:48;
6e7722f6-4735-4dd7-85b9-18a1ffc42aa8;d7404d24-8eb5-48cc-aeb6-fee0874556a0;17:36:00;saida;;2025-02-14 17:36:45;2025-02-14 17:36:45;
6f296669-ae1a-492e-a51e-f31f77a4778e;8656fbc6-b268-4222-927c-5c43d4a7e15f;07:06:00;entrada;;2024-12-31 07:06:16;2024-12-31 07:06:16;
6f36f58d-ff02-4c82-8b6b-cc98b9391825;83791002-fe66-464b-9938-e6ed13a0abbe;12:00:00;almoco_saida;;2024-12-16 09:44:59;2024-12-16 09:44:59;
6f439457-ea97-40cc-bb00-84e1768e3f08;8cfaa7f6-23c5-48a4-80ef-17f447ff5740;13:21:00;almoco_retorno;;2025-04-15 16:00:40;2025-04-15 16:01:31;
6f95a817-4ba6-41a0-a380-98ee86c3aff3;6f116418-a272-4b72-b609-22c348975597;13:06:00;almoco_saida;;2025-02-04 13:06:11;2025-02-04 13:06:11;
7037766d-3943-4b58-a353-7a4e47e56fd6;974d3bca-b68d-4e95-a94f-edb5de72f03a;17:03:18;saida;;2024-12-16 09:44:59;2024-12-16 09:44:59;
7095ec36-67cc-4256-9388-cdc06ba7f64b;99f6e97c-a3e8-4b89-b4dc-5798ab593f4b;08:01:00;entrada;;2025-01-22 08:01:09;2025-01-22 08:01:09;
70a19638-8b83-4961-a221-db3271590aef;08c22822-2d4c-4233-b388-b9db7e95096a;17:05:00;saida;;2025-01-23 17:05:45;2025-01-23 17:05:45;
72058169-cfc7-4ed9-b461-47e7150373cd;d59c1b2e-c410-45cd-b8ca-d34336d6a508;17:36:00;saida;;2024-12-16 09:44:59;2024-12-16 09:44:59;
729d3b62-2d8c-4973-9fe3-4be11415c9b3;3441074b-2d1e-4d5a-88f8-531129186bd8;12:46:00;almoco_saida;;2025-03-17 12:46:57;2025-03-17 14:27:24;
73483a74-b824-439a-b28c-ab08073e4af5;7e0ceaf3-e4f7-4a44-af61-6c056bbddeb2;14:45:00;almoco_retorno;;2025-03-20 14:45:50;2025-03-26 16:16:40;
7397ca66-c412-4778-bb4a-22966e80f48c;015eb923-628f-49db-bf93-5f9d8bdbd622;14:21:00;almoco_retorno;;2025-02-19 14:22:02;2025-02-19 14:22:02;
73a35902-cb64-44eb-b441-d01bc8ddfce1;527fbea8-e151-48f5-a827-995a74c64906;17:05:00;saida;;2024-12-16 09:44:59;2024-12-16 09:44:59;
73c8d21f-6588-4608-9a31-75ec8bf092a4;338f2622-7327-4547-9893-939b65f3303e;13:00:00;almoco_saida;;2024-12-16 09:44:59;2024-12-16 09:44:59;
7457f570-3a70-450d-a6b2-808527adedd8;4d8fbe07-4fc3-4e56-b617-dd875dc8d8a9;17:00:00;saida;;2024-12-16 09:44:59;2024-12-16 09:44:59;
7478d6eb-2b8a-466e-b666-2808af20c672;7180f303-5711-4182-904b-60cd8a1bf2f6;13:43:00;almoco_retorno;;2025-01-17 13:43:50;2025-01-17 13:43:50;
74c27bb7-a9ed-4211-a006-0ae4fe560095;cb1cad08-29c6-42f4-99a2-e2f0a1c8bc49;12:10:00;almoco_saida;;2025-02-18 12:10:25;2025-02-18 12:10:25;
74c75c25-f621-4184-8973-f0b402b37cf1;338f2622-7327-4547-9893-939b65f3303e;08:05:00;entrada;;2024-12-16 09:44:59;2024-12-16 09:44:59;
75066b8b-e2ff-411e-81b7-21628f13b0a1;8cfaa7f6-23c5-48a4-80ef-17f447ff5740;08:03:00;entrada;;2025-04-15 12:15:26;2025-04-16 08:07:36;
753cc927-9322-4ef7-a1aa-82fb91901871;c6d53e0c-c4ff-4d36-bedf-219cc2796f22;08:04:00;entrada;;2025-02-25 08:04:16;2025-02-25 08:04:16;
7548a5eb-30b7-448d-bce5-b7a7f6ee9a14;39c7f326-7e45-491a-b62e-1717758ca84c;12:24:00;almoco_saida;;2025-04-09 13:15:03;2025-04-10 09:36:10;
75b079c5-f64e-4626-a1cb-813b393ec9c4;fda8c488-7358-4cdf-b2ed-66a615eb98f8;08:02:00;entrada;;2025-02-20 08:02:56;2025-02-20 08:02:56;
75e36af4-06d5-4fef-8b87-a1e23d918e3c;3441074b-2d1e-4d5a-88f8-531129186bd8;08:13:00;entrada;;2025-03-17 08:31:00;2025-03-17 14:27:24;
75f99599-5c00-48e9-8696-344d9a2e8c38;02619758-281f-4483-ad29-cb69781320b7;13:41:00;entrada;;2025-03-05 13:41:12;2025-03-07 08:38:46;
75fe5e37-bd5b-4e1a-9e2e-6cc189d121be;f5510c22-f3a5-4da3-aa02-fda5eace82b7;08:17:00;entrada;;2024-12-16 09:44:59;2024-12-16 09:44:59;
769342de-fc92-4e0e-bcb3-e4abb08f0045;38b987ae-dd06-4666-b566-886868ce18b0;12:16:00;almoco_saida;;2025-02-26 12:16:38;2025-02-26 15:03:25;
77c55ac4-e628-47e8-967d-8320b9255f3a;527fbea8-e151-48f5-a827-995a74c64906;14:45:00;almoco_retorno;;2024-12-16 09:44:59;2024-12-16 09:44:59;
77f51bee-4829-4631-8909-eb7eea19a1c4;cb1cad08-29c6-42f4-99a2-e2f0a1c8bc49;08:14:00;entrada;;2025-02-18 08:14:18;2025-02-18 08:14:18;
7823981a-072e-445e-986d-21ae11c3048d;3f12d515-6358-45ec-976c-16b229b7e479;19:00:00;saida;Fiquei até mais tarde acompanhando a operação fidc consignado publico xp, saida 19:00;2024-12-16 09:44:59;2024-12-16 09:44:59;
786c2ef6-9653-42be-924d-46ff0d49db3f;30a8d93a-2e89-44db-9e58-442261e996c8;13:33:00;almoco_retorno;;2025-01-10 14:34:09;2025-01-10 14:34:09;
79610405-b336-414b-98d2-695744778727;c5d07841-1ff3-4741-9173-358beff2425a;08:06:00;entrada;;2025-03-27 08:06:16;2025-03-27 08:06:16;
79b3f1c8-5dc1-4275-b8b4-91f9cf62dfee;26b2b071-ec53-4a2d-bbf2-4c43489c544b;08:06:00;entrada;;2024-12-16 09:44:59;2024-12-16 09:44:59;
7a0dfd46-6635-4773-87a4-d482c911ccbe;8a2c36a1-b967-4952-8d12-2b9874e4830b;08:05:00;entrada;;2025-02-24 08:05:35;2025-02-24 08:05:35;
7a446541-42f3-4aa5-b622-09d30b0cc182;f0462c76-aa46-4670-845c-71da55e03046;13:50:00;almoco_retorno;;2024-12-16 09:44:59;2024-12-16 09:44:59;
7a5ebf57-db9c-4bc0-895a-6a3561213918;bee63acf-c8ca-4490-bd20-3350231bd263;08:09:00;entrada;;2024-12-16 09:44:59;2024-12-16 09:44:59;
7a9e00f9-b23e-4eab-ad7a-f4dab415d7c1;8a06d18d-c4bc-41b6-8629-9449c0254b2a;16:46:00;saida;;2024-12-16 09:44:59;2024-12-16 09:44:59;
7ad7e1bf-c5d9-4c90-846c-e80754354cff;8656fbc6-b268-4222-927c-5c43d4a7e15f;12:02:00;saida;;2024-12-31 12:02:03;2024-12-31 12:02:03;
7ca98941-7c27-4b84-82bb-d051c37dc276;c1b065f8-78e7-40d6-aecf-e38389abfa2a;08:06:00;entrada;;2024-12-16 09:44:59;2024-12-16 09:44:59;
7d74ab82-10c7-4848-bf57-82c62ddefe13;28e41738-5608-4e3b-966b-3b6fea389895;17:03:00;saida;Almoço mais tarde em virtude da troca do dia de terapia;2024-12-16 09:44:59;2024-12-16 09:44:59;
7e77d420-9ab1-4db9-b5fe-1e562e60c623;a617bc4f-1e83-4924-8ec1-731e05d12c4f;17:00:00;saida;;2024-12-16 09:44:59;2024-12-16 09:44:59;
7f47324f-52ee-4df4-a32e-6d0971361944;0e6dec61-7f24-49c8-b65b-1ba7bc692277;08:05:00;entrada;;2024-12-16 09:44:59;2024-12-16 09:44:59;
7f54ab86-7c6d-40c6-b005-c47e726ffd48;9fb6b527-c99a-4cba-9289-82d5217d4dd0;08:01:00;entrada;;2025-03-13 08:01:08;2025-03-13 18:06:49;
7fdf2385-4430-4f4a-8bec-bd4c2165e237;ec7bc9b4-431f-4d34-93b5-6ebc55b665b2;17:01:00;saida;;2024-12-16 09:44:59;2024-12-16 09:44:59;
805b29ed-302f-4350-9820-284c03f4f623;3a22ba9b-4116-4ce1-91db-62e19a2adbb8;13:29:00;almoco_retorno;;2025-04-16 13:28:33;2025-04-16 13:29:38;
807c8dce-dae3-46a7-a13c-534b8bb57569;4f7eb41e-767b-4eff-bda6-3a6faadfea7c;12:17:00;almoco_saida;;2025-04-22 12:16:45;2025-04-22 12:17:38;
80bf2e6e-e720-4cb6-885d-ba16073f4879;3b0426a8-9acf-455b-807a-3edd53b8cb80;08:14:00;entrada;;2024-12-16 09:44:59;2024-12-16 09:44:59;
827d5d18-f6d4-4a8e-a1b0-56861b3df390;f7a5266c-72b2-40a8-9d5a-18e8d0f4617e;08:11:00;entrada;;2025-02-06 08:11:52;2025-02-06 08:11:52;
83a14d98-33cb-4c62-b363-ae6ba683b840;9d2df846-a4ec-4b27-9286-3b2037f35ab8;08:01:00;entrada;;2025-01-07 08:01:30;2025-01-07 08:01:30;
8421f0b4-29c5-4c05-b60f-4c67512a8998;ec7bc9b4-431f-4d34-93b5-6ebc55b665b2;08:04:00;entrada;;2024-12-16 09:44:59;2024-12-16 09:44:59;
84323c0d-227a-4adb-843a-c38676adcb26;7e0ceaf3-e4f7-4a44-af61-6c056bbddeb2;08:02:00;entrada;;2025-03-20 08:02:30;2025-03-26 16:16:40;
8517ac5b-f4a2-4830-8028-b3094dcef1bc;3bb176b4-74c0-4852-9d9d-6b1adada22d9;13:02:00;almoco_retorno;;2025-04-08 08:08:29;2025-04-08 08:08:29;
851bd09b-db2b-40f9-a586-30777dd01009;e83b1690-8306-4eba-b8d8-56f92baa4121;17:47:00;saida;;2025-03-19 17:47:59;2025-03-19 17:47:59;
8564046a-db17-4461-a1ac-3a0046343bdd;8a2c36a1-b967-4952-8d12-2b9874e4830b;13:00:00;almoco_saida;;2025-02-24 13:00:12;2025-02-24 13:00:12;
87e72822-90e3-493d-b76d-6bb486ef44c7;6f7350cc-8ea7-444c-b07f-b8a1a279efb8;14:55:00;almoco_retorno;;2025-02-28 14:55:59;2025-02-28 14:55:59;
898e8f0b-7d3f-444b-b2fb-e3f626edcb54;7180f303-5711-4182-904b-60cd8a1bf2f6;08:04:00;entrada;;2025-01-17 08:04:55;2025-01-17 08:04:55;
8abf859a-c571-4d5f-bfdb-e6b319e343a4;19866254-7f5a-4121-8ab1-e917687382e9;17:09:00;saida;;2025-03-10 17:09:50;2025-03-10 17:09:50;
8b228cec-dcf6-4d8a-a1a5-e7e63f372ec3;02ceb7e8-417c-4749-bca0-1f0811d09725;17:05:00;saida;;2024-12-16 09:44:59;2024-12-16 09:44:59;
8b9cbd8a-006a-4d3d-aa03-0b3b947a9b44;974d3bca-b68d-4e95-a94f-edb5de72f03a;13:47:00;almoco_retorno;;2024-12-16 09:44:59;2024-12-16 09:44:59;
8c42655a-87fd-4187-8aa8-814e4ba828ce;aa3a7a42-fa63-4cb5-8653-25c1b4b6083e;17:08:00;saida;;2025-01-09 17:08:51;2025-01-09 17:08:51;
8ce8bc10-6686-4f13-9717-fb0d3857a28e;3bb176b4-74c0-4852-9d9d-6b1adada22d9;12:02:00;almoco_saida;;2025-04-08 12:02:38;2025-04-08 12:02:38;
8d03ee7a-0985-4649-a695-0bf4b6fa5d39;07c91d78-a158-4b49-882d-27596b2b4f3c;08:09:00;entrada;;2025-04-04 13:27:23;2025-04-04 13:27:23;
8d6cd54a-77fb-4dbf-9da8-148cdc6de3db;07c91d78-a158-4b49-882d-27596b2b4f3c;14:29:00;almoco_retorno;;2025-04-04 14:32:01;2025-04-04 14:32:29;
8de6443c-20b8-40ec-bc1d-9d431efb4d74;45d55538-6912-4e41-adee-885af86968f7;13:43:00;almoco_saida;;2024-12-16 09:44:59;2024-12-16 09:44:59;
8e5c37cd-4921-4964-a5d2-e2d4b6479e31;e73d57ed-e304-4079-9b9e-d4cd4db0c805;15:28:00;almoco_retorno;;2024-12-16 09:44:59;2024-12-16 09:44:59;
8ed99ffc-2df4-44af-a798-7b0aee9c3295;63cb20b6-4c86-43fe-bd9d-eb1d4947ca15;08:27:00;entrada;;2024-12-16 09:44:59;2024-12-16 09:44:59;
8f24254e-fe4b-4b62-a708-44facf0cdbb7;a617bc4f-1e83-4924-8ec1-731e05d12c4f;08:02:00;entrada;;2024-12-16 09:44:59;2024-12-16 09:44:59;
8febdc6b-c765-4c88-a10a-3f97862256c5;3a2903fc-001a-46e8-9f32-bb8e0725dbd6;08:11:00;entrada;;2025-03-25 08:11:20;2025-03-25 08:11:20;
91190538-b8b7-478c-bac1-67c1b7a208f8;553f392f-781b-40aa-8b5e-bc5a2f8eb31f;17:04:00;saida;;2024-12-16 09:44:59;2024-12-16 09:44:59;
91a1942b-d14b-43b6-be24-969e0491dc39;ceda816d-015d-4b3a-8abb-87d158405ebe;12:22:00;almoco_saida;;2024-12-17 12:22:06;2024-12-17 12:22:06;
929476c4-e944-465e-9af5-81e514dec369;4a39d6c6-f693-4836-aaaa-c0589893ea97;17:05:00;saida;;2025-02-13 17:03:47;2025-02-13 17:03:47;
94041c33-8bca-4adb-96c6-32828278ef6e;0fd3fdfa-1238-4a18-b399-2a547ac88d20;08:07:00;entrada;;2025-02-17 08:07:54;2025-02-17 08:07:54;
94663948-87b1-4302-920f-b66fb5ddfd58;17b865f0-ab4c-4ed0-96a9-4c4750440b2d;12:50:00;almoco_saida;;2025-02-03 12:50:39;2025-02-03 12:50:39;
94f88d06-2f55-499e-89f6-5d4526a8bc9d;6f116418-a272-4b72-b609-22c348975597;18:51:00;saida;;2025-02-04 14:06:18;2025-02-04 14:06:18;
951af5c5-550d-470a-8c62-7fa3c79b17f2;3f12d515-6358-45ec-976c-16b229b7e479;12:09:00;almoco_saida;Fiquei até mais tarde acompanhando a operação fidc consignado publico xp, saida 19:00;2024-12-16 09:44:59;2024-12-16 09:44:59;
95811154-6dda-45c5-9dcf-cd00e07bef7a;9d2df846-a4ec-4b27-9286-3b2037f35ab8;12:06:00;almoco_saida;;2025-01-07 12:06:05;2025-01-07 12:06:05;
95b930c3-0bc6-4ffb-9419-7fc7d6df97da;6a374e6a-14c0-44ee-bdef-0661542be1af;14:16:00;almoco_retorno;;2024-12-16 09:44:59;2024-12-16 09:44:59;
95ceac51-31f5-4cb1-8210-7943aeae785a;b331b089-8533-4fd5-94db-afef66c58e23;13:39:00;almoco_saida;;2024-12-16 09:44:59;2024-12-16 09:44:59;
95ede969-442d-4648-973c-e2a26d8c4b15;17aa8bb1-f12a-4915-a311-fec33d748acc;12:00:00;almoco_saida;;2025-02-07 12:00:21;2025-02-07 12:00:21;
96422843-3b9e-4b51-9d91-3862e32766d9;c4acc736-54df-4c85-9387-67175347bc7c;08:18:00;entrada;;2025-01-21 08:18:49;2025-01-21 08:18:49;
9648b2af-4c19-4fff-80c8-5292eb247391;02ceb7e8-417c-4749-bca0-1f0811d09725;08:02:00;entrada;;2024-12-16 09:44:59;2024-12-16 09:44:59;
9661bedc-14c4-4839-b788-1883ebc27a1e;2f0813e7-9dd2-4244-8400-1c73a7d955bf;14:45:00;almoco_retorno;;2024-12-16 09:44:59;2024-12-16 09:44:59;
96648cea-01fe-4ea6-bd30-9ec65edd7141;6949f4bb-d6f3-4681-9278-a84bd49eb8aa;08:07:00;entrada;;2025-04-14 08:07:41;2025-04-15 16:04:04;
9674b39a-92bc-4bcd-93dc-4fec8e9cda09;51ffb91e-4e97-46be-b0a4-a224c838fc0a;13:40:00;almoco_retorno;;2025-02-11 13:39:54;2025-02-11 13:39:54;
96e40ff3-6f62-43b6-babf-dcf93b90e38e;e0ead4d9-ce44-4db1-b799-c42dd90adbc4;18:00:00;saida;Fiquei até mais tarde em virtude do problema do critério de taxa mínima para o  MTINSS;2024-12-16 09:44:59;2024-12-16 09:44:59;
99462cb4-780b-4cbe-954e-a670a3b89a5b;33f0146c-1c75-4128-8b5b-019e6e33406b;08:02:00;entrada;;2024-12-16 09:44:59;2024-12-16 09:44:59;
998e8bf5-7f2c-4a00-8d9d-87eba29a9d64;acb3c211-dc2f-4603-b0cc-7efa2564d6bb;08:01:00;entrada;;2025-01-06 08:01:12;2025-01-06 08:01:12;
99a9828b-60cf-466f-a6ec-9eeb8ba04458;9aba1436-52ad-4ab3-a352-4873a1b6f4fd;08:03:00;entrada;;2025-01-08 13:05:13;2025-01-08 13:05:13;
9a502ffa-db47-4e8e-abf1-d3450deb7a00;8571d047-38fa-4f73-91a8-08fcf2d1f04e;12:50:00;almoco_saida;;2025-04-11 13:54:31;2025-04-11 13:54:50;
9a8064b3-c9ba-4cc2-becb-dd7327792e37;95564710-b8c2-499a-b1e3-b66f2f46a18f;17:12:00;saida;;2025-03-24 17:12:39;2025-03-24 17:12:39;
9b45a900-c8d6-4432-8ac3-ce00b85e7425;0e6dec61-7f24-49c8-b65b-1ba7bc692277;17:02:00;saida;;2024-12-16 09:44:59;2024-12-16 09:44:59;
9b827459-eb6f-452b-81ec-3917fb08ee37;15cb0ae6-20ce-4d0f-94d9-371742066e76;14:14:00;almoco_retorno;;2024-12-30 14:14:10;2024-12-30 14:14:10;
9c635738-8d13-4a49-b04d-41ac4a51b0b7;a4965711-b2d0-47af-9a3b-7b809a8f7182;12:33:00;almoco_saida;;2025-01-31 12:33:26;2025-01-31 12:33:26;
9cba1aa8-7d5d-4797-a3db-4fccd92119cc;b27cdea8-007c-4acb-99bb-d76005e12b0f;08:01:00;entrada;;2025-03-28 08:01:31;2025-03-31 07:59:41;
9d549356-faca-4f4c-9aef-c20eb20cb236;bee63acf-c8ca-4490-bd20-3350231bd263;13:39:00;almoco_saida;;2024-12-16 09:44:59;2024-12-16 09:44:59;
9d72723a-e5dc-4fc0-9cf0-8944a38485d6;63cb20b6-4c86-43fe-bd9d-eb1d4947ca15;13:02:00;almoco_saida;;2024-12-16 09:44:59;2024-12-16 09:44:59;
9d92584a-7376-4564-b24f-e034ebc94ee5;02619758-281f-4483-ad29-cb69781320b7;17:55:00;saida;;2025-03-05 17:55:27;2025-03-05 17:55:27;
9dbe59b3-72d1-41fc-9bf0-8a2e90ebd5e3;af241db2-2562-4804-818f-96dc99aaa6bf;13:49:00;almoco_retorno;;2024-12-16 09:44:59;2024-12-16 09:44:59;
9dc3d8ff-8cac-4c6e-934a-efa683006cf1;bd679722-ab6b-47f3-a5af-56061ca55b7d;13:49:00;almoco_saida;;2024-12-16 09:44:59;2024-12-16 09:44:59;
9eadf637-db0d-4a2c-bbd0-74a82687d8e2;51d6c8b8-5c8d-443f-9dec-495ac72d6c6c;13:56:00;almoco_saida;;2024-12-16 09:44:59;2024-12-16 09:44:59;
9ee33c09-efc6-4a2e-a67b-fbe22644d078;39c7f326-7e45-491a-b62e-1717758ca84c;17:19:00;saida;;2025-04-10 09:36:10;2025-04-10 09:36:10;
9f9e48e3-14d7-4370-b786-e1cbd30ef909;3bb176b4-74c0-4852-9d9d-6b1adada22d9;17:08:00;saida;;2025-04-08 08:08:29;2025-04-08 08:08:29;
a1251e79-a6e0-4a68-8d12-5468c933429c;fda8c488-7358-4cdf-b2ed-66a615eb98f8;14:32:00;almoco_retorno;;2025-02-20 17:10:27;2025-02-20 17:10:27;
a128f3b4-648a-48a0-8a15-f830873c5d53;3441074b-2d1e-4d5a-88f8-531129186bd8;17:29:00;saida;;2025-03-17 17:29:02;2025-03-17 17:29:02;
a13ae0e0-c392-4ead-bdff-c4e06ec366ba;17b865f0-ab4c-4ed0-96a9-4c4750440b2d;17:09:00;saida;;2025-02-03 08:03:04;2025-02-03 08:03:04;
a1665be6-61ea-43e0-ba1d-c21e2ea16af9;2f0813e7-9dd2-4244-8400-1c73a7d955bf;13:43:00;almoco_saida;;2024-12-16 09:44:59;2024-12-16 09:44:59;
a2cec6df-d054-46a0-b9d3-715ba54b4c21;ee782efe-3181-4c29-b6a4-9db247517560;17:05:00;saida;;2025-03-31 08:01:08;2025-03-31 08:01:08;
a37d728c-9adc-4dde-8964-4c890ff4cfc4;4a39d6c6-f693-4836-aaaa-c0589893ea97;12:47:00;almoco_saida;;2025-02-13 12:48:12;2025-02-13 12:48:12;
a392da32-7081-4101-9198-6cc4278b3683;b27cdea8-007c-4acb-99bb-d76005e12b0f;17:13:00;saida;;2025-03-28 17:13:10;2025-03-28 17:13:10;
a410bf17-ab35-485e-9699-163f8b69b07e;f6486894-a0da-41d2-a468-3ebe1082fbc4;13:27:00;almoco_retorno;;2025-01-14 13:27:22;2025-01-14 13:27:22;
a458450c-d73b-473d-9e99-1d792a7cfd80;45d55538-6912-4e41-adee-885af86968f7;17:02:00;saida;;2024-12-16 09:44:59;2024-12-16 09:44:59;
a4a8537c-e967-4e8b-8c1f-4cab991dac32;15cb0ae6-20ce-4d0f-94d9-371742066e76;08:05:00;entrada;;2024-12-30 08:05:38;2024-12-30 08:05:38;
a55da162-df9e-4847-8945-fea28cce4294;be61e450-cfa3-4161-9867-4d5f0e2ae42a;15:54:00;almoco_retorno;;2025-02-10 15:54:13;2025-03-17 09:47:41;
a58cf0a9-421a-49b3-b2ed-d5c351b36366;d59c1b2e-c410-45cd-b8ca-d34336d6a508;13:03:00;almoco_saida;;2024-12-16 09:44:59;2024-12-16 09:44:59;
a5e4214e-b857-4023-99a8-8ecdde067d33;7180f303-5711-4182-904b-60cd8a1bf2f6;17:09:00;saida;;2025-01-17 17:09:01;2025-01-17 17:09:01;
a6aba7dc-1d19-47cc-aea5-6b10b87ef183;bee63acf-c8ca-4490-bd20-3350231bd263;14:39:00;almoco_retorno;;2024-12-16 09:44:59;2024-12-16 09:44:59;
a7248307-f403-4ee9-a1bf-df29888e839e;3b0426a8-9acf-455b-807a-3edd53b8cb80;12:45:00;almoco_saida;;2024-12-16 09:44:59;2024-12-16 09:44:59;
a7617f59-f6cb-4235-b2e7-6f7c57dde111;f5bbd14f-e913-4c61-bef8-a6da7f0397eb;13:30:00;almoco_retorno;;2024-12-16 09:44:59;2024-12-16 09:44:59;
a7652a01-4d8e-4e1c-826e-113de48e35f2;5f13a311-90ee-43a6-b28a-ba0f47193ffa;17:04:00;saida;;2025-01-20 17:04:05;2025-01-20 17:04:05;
a7cc6364-b49e-47fc-aac3-16d8d96edd24;3b0426a8-9acf-455b-807a-3edd53b8cb80;13:47:00;almoco_retorno;;2024-12-16 09:44:59;2024-12-16 09:44:59;
a7f46f6d-364b-4702-8096-75d0d9313ce4;180f4e9a-9df1-4b5b-af53-d19bd52f9856;08:17:00;entrada;;2024-12-16 09:44:59;2024-12-16 09:44:59;
a8953fd8-426e-4d46-adcf-dda6fc4d509a;180f4e9a-9df1-4b5b-af53-d19bd52f9856;14:47:00;almoco_retorno;;2024-12-16 09:44:59;2024-12-16 09:44:59;
a8fed365-ce37-4937-a40d-a21cdfa60209;3441074b-2d1e-4d5a-88f8-531129186bd8;13:48:00;almoco_retorno;;2025-03-17 13:48:34;2025-03-17 14:27:24;
aa2d3f8d-b470-4211-a8ca-4c49a036c72c;d35eb494-1a0c-40df-9c96-7f709a4d8d72;13:41:00;almoco_saida;;2025-01-30 13:41:46;2025-01-30 13:41:46;
aafb4c78-e60d-4ed2-bd31-4a9b17659987;ce2260c9-e797-4aee-a639-d2e82eb023a7;08:01:00;entrada;;2025-01-16 08:01:20;2025-01-16 08:01:20;
ab15d5c2-67e3-47e2-9109-e37951243e30;13025b6c-1024-4c8e-8d1d-168e4bc57c4c;17:33:00;saida;;2025-04-02 17:33:32;2025-04-02 17:33:32;
ab8cc278-c645-46a8-867c-13ce7f3778c1;1d5d25f1-3c89-440a-a83d-13130a53be20;17:08:00;saida;;2025-04-17 17:08:26;2025-04-17 17:08:26;
acc72542-2b4e-44ce-b784-06e321ff6520;9aba1436-52ad-4ab3-a352-4873a1b6f4fd;14:07:00;almoco_retorno;;2025-01-08 14:07:02;2025-01-08 14:07:02;
acea4274-ed7e-479d-8edd-691e690fdf10;2d478cb6-a9f0-4c81-8869-6675e1ede08f;17:22:00;saida;;2025-03-26 17:22:41;2025-03-26 17:22:41;
ad6c5ee5-6d2c-4f59-a530-d79758453ddc;ca2596f3-4636-4b82-868f-814336feb4e9;08:07:00;entrada;;2025-04-07 08:00:00;2025-04-07 08:00:00;
addcbf4a-b024-4025-8a55-a0cf8fcf0872;e828867a-b85e-4816-98d8-43f746551e48;08:11:00;entrada;;2025-03-12 08:11:56;2025-03-17 14:27:10;
aed0431a-f717-4fe9-94fe-81251d0084ce;95564710-b8c2-499a-b1e3-b66f2f46a18f;13:29:00;almoco_retorno;;2025-03-24 13:31:12;2025-03-24 13:31:21;
af5b9293-981e-4d10-826f-9d645ac3ca7e;19866254-7f5a-4121-8ab1-e917687382e9;08:01:00;entrada;;2025-03-10 08:01:14;2025-03-10 08:01:14;
afbfe0ba-6f8e-4bcd-99b6-a3e0058e8132;4d8fbe07-4fc3-4e56-b617-dd875dc8d8a9;12:46:00;almoco_saida;;2024-12-16 09:44:59;2024-12-16 09:44:59;
b0030c0f-9f8d-4b86-a549-eedad20e6f44;2d478cb6-a9f0-4c81-8869-6675e1ede08f;08:19:00;entrada;;2025-03-26 08:19:28;2025-03-26 17:18:20;
b09e4fd0-81d9-4f9c-9b51-6048f361b35c;30a8d93a-2e89-44db-9e58-442261e996c8;12:33:00;almoco_saida;;2025-01-10 12:35:31;2025-01-10 12:35:31;
b195ed97-7c40-4f92-bdc2-1eaf3d35f1b3;474d3b37-c5e6-4a1f-96e2-c5fd4cf0e732;14:36:00;almoco_retorno;;2024-12-16 09:44:59;2024-12-16 09:44:59;
b20f8514-1928-4b53-a437-14532e08be9c;9d2df846-a4ec-4b27-9286-3b2037f35ab8;13:14:00;almoco_retorno;;2025-01-07 13:14:41;2025-01-07 13:14:41;
b2119322-9730-416d-8ae5-eedde03c7066;c4acc736-54df-4c85-9387-67175347bc7c;14:25:00;almoco_saida;;2025-01-21 14:55:40;2025-01-21 14:55:40;
b223f8c4-e1ad-4055-83d5-650c11ad8f13;8571d047-38fa-4f73-91a8-08fcf2d1f04e;13:54:00;almoco_retorno;;2025-04-11 13:54:50;2025-04-11 13:54:50;
b23eae52-ffd2-45ee-8a39-5ac10b805fa5;3f12d515-6358-45ec-976c-16b229b7e479;13:09:00;almoco_retorno;Fiquei até mais tarde acompanhando a operação fidc consignado publico xp, saida 19:00;2024-12-16 09:44:59;2024-12-16 09:44:59;
b28240cd-7fb7-4716-9c70-b4f5d5ac1a42;180f4e9a-9df1-4b5b-af53-d19bd52f9856;17:17:00;saida;;2024-12-16 09:44:59;2024-12-16 09:44:59;
b2977d88-a665-4bac-b2b6-eb781abd891e;e73d57ed-e304-4079-9b9e-d4cd4db0c805;17:00:00;saida;;2024-12-16 09:44:59;2024-12-16 09:44:59;
b2d4e752-a3b8-4126-b43e-b676f32b8c38;0fd3fdfa-1238-4a18-b399-2a547ac88d20;14:23:00;almoco_retorno;;2025-02-17 14:23:28;2025-02-17 14:23:28;
b2e0ec61-6312-492c-b6f4-2a8adc263edc;ca2596f3-4636-4b82-868f-814336feb4e9;13:46:00;almoco_retorno;;2025-04-07 08:00:00;2025-04-07 08:00:00;
b429a06d-d3ed-49dc-94fa-32a7228f6e79;6ffd7549-f321-4b3e-bedc-79eb469bd956;12:32:00;almoco_saida;;2024-12-16 09:44:59;2024-12-16 09:44:59;
b4a5429a-132f-4bc6-97b0-37ce1ccb6892;7180f303-5711-4182-904b-60cd8a1bf2f6;12:43:00;almoco_saida;;2025-01-17 12:43:40;2025-01-17 12:43:40;
b55d86c5-1b68-4542-a779-b1e224d178ce;78072523-8eea-422b-92a5-274c12247c68;14:00:00;almoco_retorno;;2025-03-14 14:00:49;2025-03-14 17:20:22;
b561bf30-9ad3-471f-bff0-e229e2faae4e;8ea3ba47-6a33-44e0-8d2e-34f52aa0c7b8;09:00:00;entrada;Mongo Developer Day RJ;2024-12-16 09:44:59;2024-12-16 09:44:59;
b59c08b5-86aa-4413-898f-fbdaf9ef7e3d;19895309-3315-498e-a254-b434e88f5bba;17:01:00;saida;;2024-12-16 09:44:59;2024-12-16 09:44:59;
b617e69c-99f4-4df0-baa8-477414792e7b;afd27c5d-4b17-4bc1-9890-72249713f400;17:34:00;saida;;2025-03-07 17:13:52;2025-03-07 17:14:24;
b6c7eeb3-7a52-4095-bac7-fec1508e36e1;a9ba8145-7254-4b0a-8cb4-241536554806;17:51:00;saida;;2025-01-29 08:05:06;2025-01-29 08:05:06;
b6d38a48-ae30-4fad-9238-c44043d6248a;f6486894-a0da-41d2-a468-3ebe1082fbc4;17:08:00;saida;;2025-01-14 17:08:07;2025-01-14 17:08:07;
b732f0b5-76d8-49a7-8a90-235208567937;ceda816d-015d-4b3a-8abb-87d158405ebe;13:22:00;almoco_retorno;;2024-12-17 13:22:17;2024-12-17 13:22:17;
b86ec6c1-6dc9-46de-bb5e-2643d4b77d82;595d80e0-7f17-4646-8d02-7b77248bbe40;08:02:00;entrada;;2025-02-27 08:02:53;2025-02-27 16:59:03;
b8a3085d-e937-4b94-bcc1-ccb23081a1eb;595d80e0-7f17-4646-8d02-7b77248bbe40;17:15:00;saida;;2025-02-27 16:19:08;2025-02-27 16:59:03;
b8bf04f7-fcb0-434d-906a-a57797107b69;38b987ae-dd06-4666-b566-886868ce18b0;08:10:00;entrada;;2025-02-26 08:10:58;2025-02-26 15:03:25;
b8c121e1-d097-402c-bc07-227e041bf505;ee782efe-3181-4c29-b6a4-9db247517560;13:40:00;almoco_retorno;;2025-03-31 08:01:08;2025-03-31 08:01:08;
b8e88ab4-e33d-4a16-966a-54e86d830aeb;2f49b98f-bc55-4cae-9d7f-c18ecda24acc;16:47:00;saida;Falta de luz em casa, batimento de saida: 16:47;2024-12-16 09:44:59;2024-12-16 09:44:59;
b8f87e5a-57d3-4816-8e97-118ed7f274ad;02ceb7e8-417c-4749-bca0-1f0811d09725;12:46:00;almoco_saida;;2024-12-16 09:44:59;2024-12-16 09:44:59;
b95d1749-5524-4b91-b19f-45f0c64b5489;9d2df846-a4ec-4b27-9286-3b2037f35ab8;17:10:00;saida;;2025-01-07 17:10:38;2025-01-07 17:10:38;
b9ad843c-f6ff-43ca-8c96-0994b9ab03e6;26b2b071-ec53-4a2d-bbf2-4c43489c544b;12:45:00;almoco_saida;;2024-12-16 09:44:59;2024-12-16 09:44:59;
b9b374d8-6895-461e-844c-85bb65482e8c;e0385c16-99c8-4c02-bc18-5b9f853e8a27;17:03:00;saida;;2024-12-23 14:05:56;2024-12-23 14:05:56;
b9b72e28-1c5f-400d-b9a5-205fc09ad8ef;13025b6c-1024-4c8e-8d1d-168e4bc57c4c;08:04:00;entrada;;2025-04-02 08:04:54;2025-04-02 12:35:06;
ba01f7e4-81a5-462b-ba70-62c152784e8b;8cfaa7f6-23c5-48a4-80ef-17f447ff5740;12:15:00;almoco_saida;;2025-04-15 12:15:26;2025-04-15 12:15:26;
ba1feba0-dae7-441b-8d61-f9764bf4ac0d;e0ead4d9-ce44-4db1-b799-c42dd90adbc4;12:40:00;almoco_saida;Fiquei até mais tarde em virtude do problema do critério de taxa mínima para o  MTINSS;2024-12-16 09:44:59;2024-12-16 09:44:59;
ba6d378a-385b-43c7-97ca-f9656336e99f;c5d07841-1ff3-4741-9173-358beff2425a;13:40:00;almoco_saida;;2025-03-27 13:40:29;2025-03-27 13:40:29;
bb3e0060-ed5d-42b2-85de-7227361d2a68;9c045272-000b-4e86-bbca-8383363e9c71;17:10:00;saida;;2024-12-18 17:10:39;2024-12-18 17:10:39;
bb47eba6-f2f0-4570-aced-b57cc1beb994;33f0146c-1c75-4128-8b5b-019e6e33406b;13:34:00;almoco_saida;;2024-12-16 09:44:59;2024-12-16 09:44:59;
bbd0bc6c-8605-4763-bd17-3a0f67a1d180;c6bf8441-9bdf-4817-996d-eb2e2eaa791c;13:34:00;almoco_saida;;2025-04-04 08:02:35;2025-04-04 08:02:35;
bc9f0e11-7394-4b6d-91d9-7258f92b7311;33f0146c-1c75-4128-8b5b-019e6e33406b;17:07:00;saida;;2024-12-16 09:44:59;2024-12-16 09:44:59;
bcc34124-3327-4136-abc4-7534a1521fda;c04643b6-800e-46e4-bdfc-7cccff90f64c;08:05:00;entrada;;2024-12-16 09:44:59;2024-12-16 09:44:59;
bd3ffae1-ff27-4c18-8ec7-8880c86f7d77;ddd63100-b5d1-4bae-98f1-f821e875b54d;17:08:09;saida;;2024-12-16 09:44:59;2024-12-16 09:44:59;
bdb64956-d57c-4bb2-8973-c701e3fc265c;08c22822-2d4c-4233-b388-b9db7e95096a;13:34:00;almoco_saida;;2025-01-23 13:34:45;2025-01-23 13:34:45;
bdcd4316-f644-4cfe-9686-83545190147c;9c045272-000b-4e86-bbca-8383363e9c71;13:00:00;almoco_saida;;2024-12-18 13:00:31;2024-12-18 13:00:31;
be570854-4175-4a41-b133-575805839241;f5510c22-f3a5-4da3-aa02-fda5eace82b7;14:31:00;almoco_retorno;;2024-12-16 09:44:59;2024-12-16 09:44:59;
be6e6f6b-671c-486f-a337-fa517eb6a406;a9ba8145-7254-4b0a-8cb4-241536554806;08:05:00;entrada;;2025-01-29 08:05:06;2025-01-29 08:05:06;
bfb9d3b9-63d0-4551-b443-437c7165a150;5d366be7-2bc8-4a58-bb1d-b8db2ab9ee1f;08:00:00;entrada;;2025-01-02 08:00:13;2025-01-02 08:00:13;
bfcb5a3e-e8e1-4458-8bcd-31746aaa6edb;c6d53e0c-c4ff-4d36-bedf-219cc2796f22;17:17:00;saida;;2025-02-25 17:17:25;2025-02-25 17:17:25;
c04c6478-39e4-4842-be15-df580a7e73e6;83791002-fe66-464b-9938-e6ed13a0abbe;13:00:00;almoco_retorno;;2024-12-16 09:44:59;2024-12-16 09:44:59;
c0b7e151-45dd-4d1e-9c5d-c32510f464bd;1dddacbf-8976-4979-a1e7-1e12fbab2db1;08:02:00;entrada;;2024-12-26 08:02:17;2024-12-26 08:02:17;
c1b6af19-b7e5-4846-a82a-4996c43b9b3e;8a2c36a1-b967-4952-8d12-2b9874e4830b;14:00:00;almoco_retorno;;2025-02-24 14:00:06;2025-02-24 14:00:06;
c1ec0e39-b367-43e3-ba38-efc231c028af;83791002-fe66-464b-9938-e6ed13a0abbe;17:04:00;saida;;2024-12-16 09:44:59;2024-12-16 09:44:59;
c1f7e56d-d639-4e82-844c-b6699e11f818;e0385c16-99c8-4c02-bc18-5b9f853e8a27;08:03:00;entrada;;2024-12-23 08:03:22;2024-12-23 08:03:22;
c233c0f2-ff35-4059-afd9-43315ebb4726;3b0426a8-9acf-455b-807a-3edd53b8cb80;17:16:00;saida;;2024-12-16 09:44:59;2024-12-16 09:44:59;
c359b457-7f2b-4ff0-8a00-22872363d015;015eb923-628f-49db-bf93-5f9d8bdbd622;17:18:00;saida;;2025-02-19 17:18:48;2025-02-19 17:18:48;
c3c4b42b-fd0c-4aac-990c-4e70adb25eb3;8faedb0e-7adc-468e-97e5-d5fc807dae77;12:47:00;almoco_saida;;2024-12-20 12:47:07;2024-12-20 12:47:07;
c4312b99-41eb-4379-b1d2-b16710eeab2d;e21f1558-5f74-4121-97f0-0d0746e5a3bc;14:00:00;almoco_retorno;;2025-01-28 14:00:52;2025-01-28 14:00:52;
c57e4a48-d5d9-4e51-9f86-6da20cd90063;3a2903fc-001a-46e8-9f32-bb8e0725dbd6;12:26:00;almoco_saida;;2025-03-25 12:26:48;2025-03-25 12:26:48;
c58350b6-528f-4aa8-8d12-87cbad890497;621405e6-5e64-4e15-aa52-e1d3767c30e9;12:14:00;almoco_saida;;2025-01-13 12:14:42;2025-01-13 12:14:42;
c6940e8c-5b1e-49e5-8a16-38df71911be3;aa3a7a42-fa63-4cb5-8653-25c1b4b6083e;13:10:00;almoco_saida;;2025-01-09 13:10:25;2025-01-09 13:10:25;
c6b17774-8f59-402b-accd-7f52954fe249;f7a5266c-72b2-40a8-9d5a-18e8d0f4617e;13:39:00;almoco_saida;;2025-02-06 13:39:08;2025-02-06 13:39:08;
c6c1718e-9f72-44b5-9430-884a72a6f7e4;dfe892b1-4012-4595-99a0-16c826fe957a;12:46:00;almoco_saida;;2024-12-16 09:44:59;2024-12-16 09:44:59;
c6e709a5-b390-4998-9c18-065dc84d99c8;553f392f-781b-40aa-8b5e-bc5a2f8eb31f;14:01:00;almoco_saida;;2024-12-16 09:44:59;2024-12-16 09:44:59;
c74b5704-74d5-4c49-9fd5-aa60723d4ef0;30a8d93a-2e89-44db-9e58-442261e996c8;08:07:00;entrada;;2025-01-10 08:07:21;2025-01-10 08:07:21;
c7601e32-a02c-42ef-99b0-611131363764;e7d60c40-cad6-4eca-ba30-64fb6922c15f;17:12:00;saida;;2025-02-12 17:12:18;2025-02-12 17:12:18;
c81443a4-bdbc-4d6b-a144-c09e2af5dad7;51d6c8b8-5c8d-443f-9dec-495ac72d6c6c;14:56:00;almoco_retorno;;2024-12-16 09:44:59;2024-12-16 09:44:59;
c87403e5-ab65-4151-b52f-17c55d7828ca;6ffd7549-f321-4b3e-bedc-79eb469bd956;17:32:00;saida;;2024-12-16 09:44:59;2024-12-16 09:44:59;
c8e05fed-70ea-41f2-9e13-526ea9bc356f;a5499319-e810-4023-a79d-56ffff0ee8a0;08:00:00;entrada;;2024-12-16 09:44:59;2024-12-16 09:44:59;
c8f03eda-72ce-4862-bd08-875563119df1;99f6e97c-a3e8-4b89-b4dc-5798ab593f4b;13:08:00;almoco_retorno;;2025-01-22 13:08:55;2025-01-22 13:08:55;
c96d1e5c-b139-4d6c-b639-70bb63cde9a1;c22b00ff-f7d5-4b67-bbe7-642d648b89f1;12:24:00;almoco_saida;;2025-03-21 12:24:26;2025-03-21 12:24:26;
c9f9a9b0-f303-4705-b63f-d85bb8a05701;c1b065f8-78e7-40d6-aecf-e38389abfa2a;13:46:00;almoco_retorno;;2024-12-16 09:44:59;2024-12-16 09:44:59;
ca728d80-be3e-4d95-b765-94e1f0d818df;28e41738-5608-4e3b-966b-3b6fea389895;08:03:00;entrada;Almoço mais tarde em virtude da troca do dia de terapia;2024-12-16 09:44:59;2024-12-16 09:44:59;
caccfd06-1292-4784-864e-292328658b22;0a8c831e-2790-4de2-8aa7-3d97920ca851;13:40:00;almoco_saida;;2024-12-19 13:40:23;2024-12-19 13:40:23;
cd8d7224-7cdd-454b-99fc-253c161ea945;ca2596f3-4636-4b82-868f-814336feb4e9;12:46:00;almoco_saida;;2025-04-07 08:00:00;2025-04-07 08:00:00;
ce57997f-9b7f-4e44-9d05-1bcb570b9e95;39c7f326-7e45-491a-b62e-1717758ca84c;08:10:00;entrada;;2025-04-09 08:10:20;2025-04-10 09:36:10;
ce8bbe27-3f3b-4c79-bbf4-5f0f68e20789;f6486894-a0da-41d2-a468-3ebe1082fbc4;12:23:00;almoco_saida;;2025-01-14 12:23:05;2025-01-14 12:23:05;
cf1e0461-a89e-47e9-9129-107a3de1e23a;6ffd7549-f321-4b3e-bedc-79eb469bd956;14:07:00;almoco_retorno;;2024-12-16 09:44:59;2024-12-16 09:44:59;
cf81f107-e48b-4af1-9482-8cf22ee5be19;ce2260c9-e797-4aee-a639-d2e82eb023a7;13:39:00;almoco_saida;;2025-01-16 16:30:10;2025-01-16 16:30:10;
cfe6873c-de78-4789-9e2e-c90edcd133ff;78072523-8eea-422b-92a5-274c12247c68;12:58:00;almoco_saida;;2025-03-14 12:58:43;2025-03-14 17:20:22;
d117cfb3-cf3b-4b42-b24a-5c93b6bcbed2;17aa8bb1-f12a-4915-a311-fec33d748acc;08:03:00;entrada;;2025-02-07 08:03:31;2025-02-07 08:03:31;
d2ec5973-caa7-40ae-a8f6-945739244517;7e0ceaf3-e4f7-4a44-af61-6c056bbddeb2;17:16:00;saida;;2025-03-20 14:45:26;2025-03-26 16:16:40;
d32805e7-8975-43ce-a848-77ce2d3aa7b8;0c11afd5-b0cc-42d4-8582-60e056eb48e2;08:05:00;entrada;;2024-12-16 09:44:59;2024-12-16 09:44:59;
d38178ab-5885-4031-862f-617890ef6bbf;a617bc4f-1e83-4924-8ec1-731e05d12c4f;12:41:00;almoco_saida;;2024-12-16 09:44:59;2024-12-16 09:44:59;
d39bda03-c6b3-4d92-b2fd-eef9a61ddd67;2ff3baae-664c-4bdd-8115-04e229dde021;08:08:00;entrada;;2024-12-16 09:44:59;2024-12-16 09:44:59;
d3d5003e-c68e-4550-8c5b-aae366f09807;0116119e-c25f-4663-8ad7-904d4b6e640b;08:02:00;entrada;;2025-03-06 08:02:35;2025-03-06 08:02:35;
d3dc8acd-9f56-49fe-a66a-dfcd4445813a;7927b73f-dc3a-49ff-930e-e31e4a4b6885;08:16:00;entrada;;2024-12-27 08:16:18;2024-12-27 08:16:18;
d44b047b-b0ed-46e1-a83a-d598e9df14da;e83b1690-8306-4eba-b8d8-56f92baa4121;08:22:00;entrada;;2025-03-19 08:22:48;2025-03-21 08:07:14;
d5953fbb-f88e-4750-a8e7-abe30ac5b133;13025b6c-1024-4c8e-8d1d-168e4bc57c4c;13:33:00;almoco_retorno;;2025-04-02 13:33:15;2025-04-02 13:33:15;
d5a39657-1a56-4d4b-8113-53a0db90f724;d35eb494-1a0c-40df-9c96-7f709a4d8d72;14:41:00;almoco_retorno;;2025-01-30 14:41:45;2025-01-30 14:41:45;
d5abf5a9-fbd5-4c38-a26b-bd3b460016a6;0fd3fdfa-1238-4a18-b399-2a547ac88d20;13:22:00;almoco_saida;;2025-02-17 13:22:49;2025-02-17 13:22:49;
d620fc96-1c7a-4005-8b7d-ab9f2575e179;8a2c36a1-b967-4952-8d12-2b9874e4830b;17:17:00;saida;;2025-02-24 17:17:28;2025-02-24 17:17:28;
d74462f0-ee76-4ce7-9d2a-5a48cb7b81c8;d7404d24-8eb5-48cc-aeb6-fee0874556a0;13:09:00;almoco_retorno;;2025-02-14 13:09:49;2025-02-14 13:09:49;
d86ea5c6-07a9-4c06-ba1c-09c188ba3d76;d59c1b2e-c410-45cd-b8ca-d34336d6a508;14:04:00;almoco_retorno;;2024-12-16 09:44:59;2024-12-16 09:44:59;
db1448cd-b4e5-47c6-99a1-6165b1c9d0d4;3a2903fc-001a-46e8-9f32-bb8e0725dbd6;17:24:00;saida;;2025-03-25 17:24:17;2025-03-25 17:24:17;
db3ddb88-2332-4fac-a2be-9906d7c817f8;07a2d67e-57d7-420e-bfa0-df8b820c792c;14:16:00;almoco_retorno;;2024-12-16 09:44:59;2024-12-16 09:44:59;
dbcce25f-95de-4e96-87ec-1c498d7485d5;9fb6b527-c99a-4cba-9289-82d5217d4dd0;18:04:00;saida;;2025-03-13 17:30:56;2025-03-13 18:06:49;
dc13ac88-350f-4e40-9fac-513624ed68ed;621405e6-5e64-4e15-aa52-e1d3767c30e9;08:10:00;entrada;;2025-01-13 08:11:05;2025-01-13 08:11:05;
dc399f9b-8443-4279-b982-c8650fcd9d16;fda8c488-7358-4cdf-b2ed-66a615eb98f8;17:11:00;saida;;2025-02-20 17:10:27;2025-02-20 17:10:27;
dc7cd69c-05b7-47b8-aa76-957debc99d18;38b987ae-dd06-4666-b566-886868ce18b0;13:26:00;almoco_retorno;;2025-02-26 13:27:55;2025-02-26 15:03:25;
dca3e2c4-f9a8-4abc-b09a-7d2f5bd1b85e;e83b1690-8306-4eba-b8d8-56f92baa4121;12:40:00;almoco_saida;;2025-03-19 12:40:18;2025-03-21 08:07:14;
ddb2681a-9f55-4e9c-bb4f-4242ae87fbb1;4d05528a-4ad3-45a6-96fa-78148d219873;08:00:00;entrada;;2024-12-16 09:44:59;2024-12-16 09:44:59;
ddbed105-e10b-42c2-baa0-cfc2ba5224ef;4f7eb41e-767b-4eff-bda6-3a6faadfea7c;08:07:00;entrada;;2025-04-22 08:06:49;2025-04-22 12:17:38;
ddc88d81-a4f9-41bc-a19a-acc8231b2957;8ea3ba47-6a33-44e0-8d2e-34f52aa0c7b8;18:00:00;saida;Mongo Developer Day RJ;2024-12-16 09:44:59;2024-12-16 09:44:59;
dde4557e-c65c-4524-a41c-f8203b134681;26b2b071-ec53-4a2d-bbf2-4c43489c544b;17:07:00;saida;;2024-12-16 09:44:59;2024-12-16 09:44:59;
de0a9ce2-2da5-4e81-831b-308cc5c53a26;8faedb0e-7adc-468e-97e5-d5fc807dae77;17:02:00;saida;;2024-12-20 17:02:40;2024-12-20 17:02:40;
de3fe9f8-6e4d-481d-a7f0-5cd7e0025d48;a128c6d6-6bb4-4f7a-9c1a-1f9299a518d7;15:00:00;almoco_retorno;;2025-01-03 08:03:30;;
df32cf09-c4e2-46a0-8937-5dbb921c544e;aa616560-ad38-4b11-88f4-478eeabc5cf0;17:10:00;saida;;2024-12-16 09:44:59;2024-12-16 09:44:59;
e0145573-3ff4-41f7-84a5-e5bc06b47b94;71c8af7e-68d4-4552-8e5c-b53a370a320c;17:07:00;saida;;2024-12-16 09:44:59;2024-12-16 09:44:59;
e1d37a53-a574-489b-8fef-2a14d9a45b5c;ec7bc9b4-431f-4d34-93b5-6ebc55b665b2;12:44:00;almoco_saida;;2024-12-16 09:44:59;2024-12-16 09:44:59;
e1fc1232-15a5-429d-9515-f073ed182d03;a128c6d6-6bb4-4f7a-9c1a-1f9299a518d7;14:00:00;almoco_saida;;2025-01-03 14:00:20;2025-01-03 14:00:20;
e2105f69-4688-40fd-a21f-0a7cca54f119;e7d60c40-cad6-4eca-ba30-64fb6922c15f;13:29:00;almoco_saida;;2025-02-12 13:27:33;2025-02-12 13:27:33;
e430ac71-18a0-4c68-8fcf-ef011ba033fb;6949f4bb-d6f3-4681-9278-a84bd49eb8aa;13:38:00;almoco_retorno;;2025-04-14 13:38:43;2025-04-14 13:38:43;
e4bacb31-8296-4e84-98c6-2fc674a3ed76;14f93087-2953-40ad-96b0-218fd3518199;13:46:00;almoco_saida;;2025-01-27 13:46:48;2025-01-27 13:46:48;
e543b599-b041-448c-bba8-8161101a11b6;f6486894-a0da-41d2-a468-3ebe1082fbc4;08:01:00;entrada;;2025-01-14 08:01:11;2025-01-14 08:01:11;
e564a6d1-7baf-4472-b014-27f30461add5;b9216283-b381-4ee1-8c7e-54f5ceaaa03e;16:46:00;saida;;2025-04-11 08:13:06;2025-04-11 08:14:03;
e5d2520a-7a3e-4bd1-9053-956753195877;c04643b6-800e-46e4-bdfc-7cccff90f64c;12:45:00;almoco_saida;;2024-12-16 09:44:59;2024-12-16 09:44:59;
e5df3495-02b8-4c1c-9397-3c0a46bf37e7;d7404d24-8eb5-48cc-aeb6-fee0874556a0;08:10:00;entrada;;2025-02-14 08:11:05;2025-02-14 08:11:05;
e5e2b71a-9364-4d93-b0fa-3aec02658423;07c91d78-a158-4b49-882d-27596b2b4f3c;13:26:00;almoco_saida;;2025-04-04 13:27:23;2025-04-04 14:32:29;
e6109d14-8f4f-4a10-ba7f-d4848211347b;19895309-3315-498e-a254-b434e88f5bba;14:45:00;almoco_retorno;;2024-12-16 09:44:59;2024-12-16 09:44:59;
e6d70407-4ea4-44b2-8259-b8b4f1a63173;c6d53e0c-c4ff-4d36-bedf-219cc2796f22;13:06:00;almoco_saida;;2025-02-25 13:06:38;2025-02-25 13:06:38;
e79473ce-fe77-40cf-9366-312814db7329;b9216283-b381-4ee1-8c7e-54f5ceaaa03e;13:40:00;almoco_saida;;2025-04-11 08:13:06;2025-04-11 08:13:06;
e8d0f2e3-4b05-488b-ac89-5596fbad4a36;c2a29565-50f7-4883-9b41-ce9daed06851;13:51:00;almoco_retorno;;2025-04-01 13:51:15;2025-04-01 13:51:15;
e966f99c-25e2-4e5d-b1f9-ce97e4332dc2;aa616560-ad38-4b11-88f4-478eeabc5cf0;13:45:00;almoco_retorno;;2024-12-16 09:44:59;2024-12-16 09:44:59;
e9d118b4-1900-4a83-bdec-3183cda5cad5;af241db2-2562-4804-818f-96dc99aaa6bf;17:09:00;saida;;2024-12-16 09:44:59;2024-12-16 09:44:59;
ea1e04e3-4a95-425e-a55d-9b4c52377467;5d366be7-2bc8-4a58-bb1d-b8db2ab9ee1f;12:31:00;almoco_saida;;2025-01-02 12:31:37;2025-01-02 12:31:37;
eb0edb96-9294-4762-bffe-ddfe5762565c;9aba1436-52ad-4ab3-a352-4873a1b6f4fd;17:15:00;saida;;2025-01-08 17:15:30;2025-01-08 17:15:30;
eb0f53b1-93af-4b06-82b9-ecf7ec7cd3f8;7ecdf9f3-d623-4155-804a-27004709b543;12:44:00;almoco_saida;;2024-12-16 09:44:59;2024-12-16 09:44:59;
ec50e51f-9e43-4100-ba40-80887156c088;621405e6-5e64-4e15-aa52-e1d3767c30e9;17:12:00;saida;;2025-01-13 17:12:27;2025-01-13 17:12:27;
ec6072f6-9f75-4850-b93e-72912d5f743b;a9ba8145-7254-4b0a-8cb4-241536554806;14:04:00;almoco_retorno;;2025-01-29 14:04:35;2025-01-29 14:04:35;
ed2c9084-2b6c-41f2-966f-3e327d16877b;e0ead4d9-ce44-4db1-b799-c42dd90adbc4;08:03:00;entrada;Fiquei até mais tarde em virtude do problema do critério de taxa mínima para o  MTINSS;2024-12-16 09:44:59;2024-12-16 09:44:59;
ee03a435-b118-419b-a49c-ab0cb6c93bb6;63cb20b6-4c86-43fe-bd9d-eb1d4947ca15;14:30:00;almoco_retorno;;2024-12-16 09:44:59;2024-12-16 09:44:59;
ee6318dc-4de4-4411-a6ef-30cd40faf4e3;c2a29565-50f7-4883-9b41-ce9daed06851;17:07:00;saida;;2025-04-01 17:07:42;2025-04-01 17:07:42;
ee8cdf62-3ff3-47b4-9f3a-150a341079aa;3a22ba9b-4116-4ce1-91db-62e19a2adbb8;12:27:00;almoco_saida;;2025-04-16 12:27:03;2025-04-16 12:27:03;
eefe2be9-36cc-4aef-91ae-791a7a62718b;f5bbd14f-e913-4c61-bef8-a6da7f0397eb;08:08:00;entrada;;2024-12-16 09:44:59;2024-12-16 09:44:59;
ef29d272-5806-44d6-bc06-c232d3fb295f;14f93087-2953-40ad-96b0-218fd3518199;14:47:00;almoco_retorno;;2025-01-27 14:47:54;2025-01-27 14:47:54;
f02d4921-4c42-4755-a243-89a7da9d7d1b;474d3b37-c5e6-4a1f-96e2-c5fd4cf0e732;17:06:00;saida;;2024-12-16 09:44:59;2024-12-16 09:44:59;
f13cca72-ce65-42c5-b460-d4b34a487412;c1b065f8-78e7-40d6-aecf-e38389abfa2a;17:12:00;saida;;2024-12-16 09:44:59;2024-12-16 09:44:59;
f2f0ca49-4bc7-4f02-9e72-175a9f18ddac;0a8c831e-2790-4de2-8aa7-3d97920ca851;08:06:00;entrada;;2024-12-19 08:06:01;2024-12-19 08:06:01;
f2ffa94f-81e4-495c-92ac-eec86fc299c2;62dfa129-4116-4e5a-b9e2-86f574eea49d;08:03:00;entrada;;2025-03-18 08:03:44;2025-03-19 16:14:39;
f3a0fe88-188b-45a0-bc31-627041a77c72;527fbea8-e151-48f5-a827-995a74c64906;08:03:00;entrada;;2024-12-16 09:44:59;2024-12-16 09:44:59;
f40e1ed8-5031-4eff-b2cb-b61111eaf64b;c2a29565-50f7-4883-9b41-ce9daed06851;08:01:00;entrada;;2025-04-01 08:01:45;2025-04-01 08:04:16;
f454f17f-2b75-49b8-a3e9-383d809e468b;734f1b83-e4bf-4f4e-bca4-f48e20f6b376;12:41:00;almoco_saida;;2025-01-15 12:41:47;2025-01-15 12:41:47;
f4777a5c-9058-4d75-b7eb-5f314c6a7055;14f93087-2953-40ad-96b0-218fd3518199;17:40:00;saida;;2025-01-27 19:14:34;2025-01-27 19:14:34;
f4cf3b6c-02fd-41e9-bbfe-f9b8c727d65d;7ecdf9f3-d623-4155-804a-27004709b543;08:06:00;entrada;;2024-12-16 09:44:59;2024-12-16 09:44:59;
f5a9ac43-b864-4562-a0cb-bfec8b85d7b9;51ffb91e-4e97-46be-b0a4-a224c838fc0a;12:25:00;almoco_saida;;2025-02-11 12:25:40;2025-02-11 12:25:40;
f5c57b7f-69e6-4dbd-9fd0-6892b16f28eb;7927b73f-dc3a-49ff-930e-e31e4a4b6885;14:01:00;almoco_retorno;;2024-12-27 14:01:54;2024-12-27 14:01:54;
f6423c03-3e83-4198-9cef-1e9012b5bfe9;1d5d25f1-3c89-440a-a83d-13130a53be20;14:43:00;almoco_retorno;;2025-04-17 14:41:10;2025-04-17 14:43:31;
f6b7285a-29dd-48af-874a-dcfee2633277;af241db2-2562-4804-818f-96dc99aaa6bf;08:04:00;entrada;;2024-12-16 09:44:59;2024-12-16 09:44:59;
f77528c3-8515-49cb-86cc-42e89fec3261;6f7350cc-8ea7-444c-b07f-b8a1a279efb8;13:55:00;almoco_saida;;2025-02-28 13:55:42;2025-02-28 13:55:42;
f888abe7-eebb-4e20-90de-be022522de23;2ff3baae-664c-4bdd-8115-04e229dde021;14:11:00;almoco_retorno;;2024-12-16 14:11:50;2024-12-16 14:11:50;
f89d81a9-3cfd-4cf2-968c-bbf93dc12abf;7927b73f-dc3a-49ff-930e-e31e4a4b6885;17:15:00;saida;;2024-12-27 17:15:04;2024-12-27 17:15:04;
f967156f-302a-4b60-9fd1-663d897bceae;5f13a311-90ee-43a6-b28a-ba0f47193ffa;08:04:00;entrada;;2025-01-20 08:04:16;2025-01-20 08:04:16;
fa3b119c-2366-422a-bf46-0045144614cd;17b865f0-ab4c-4ed0-96a9-4c4750440b2d;13:51:00;almoco_retorno;;2025-02-03 13:52:00;2025-02-03 13:52:00;
faa5da00-fb0e-4b40-8fa6-0fde128096d2;ddd63100-b5d1-4bae-98f1-f821e875b54d;12:43:00;almoco_saida;;2024-12-16 09:44:59;2024-12-16 09:44:59;
fad7c6c6-4fd4-44bd-8eb8-84cbee563f66;8ea3ba47-6a33-44e0-8d2e-34f52aa0c7b8;13:00:00;almoco_saida;Mongo Developer Day RJ;2024-12-16 09:44:59;2024-12-16 09:44:59;
fb3db88a-a28b-403b-a164-cfd5311ced93;5d366be7-2bc8-4a58-bb1d-b8db2ab9ee1f;17:02:00;saida;;2025-01-02 13:32:15;2025-01-02 13:32:15;
fbc4086a-6c22-45dc-b3cf-949a2540dc36;e828867a-b85e-4816-98d8-43f746551e48;17:38:00;saida;;2025-03-12 17:38:04;2025-03-12 17:38:04;
fcd36cdb-fae9-4b9b-870c-04d7d26a8c50;a5499319-e810-4023-a79d-56ffff0ee8a0;13:07:00;almoco_saida;;2024-12-16 09:44:59;2024-12-16 09:44:59;
fcdc708e-67d7-403f-90d8-43afbe7c5137;be61e450-cfa3-4161-9867-4d5f0e2ae42a;08:02:00;entrada;;2025-02-10 08:02:27;2025-03-17 09:47:41;
fd12b455-b062-41c3-a622-917f792c9924;0d0e1fa3-8e4b-4e16-a90d-1a635c2681ae;13:41:00;almoco_saida;Fiquei até mais tarde olhando o critério que desenquadrou no supplier;2024-12-16 09:44:59;2024-12-16 09:44:59;
fd8ed9a7-a87e-4138-b0b1-7de63c4c49dd;0116119e-c25f-4663-8ad7-904d4b6e640b;13:46:00;almoco_saida;;2025-03-06 13:46:13;2025-03-06 13:46:13;
fe6f6a04-ff59-4d83-851f-c077a54fdd36;c4acc736-54df-4c85-9387-67175347bc7c;15:25:00;almoco_retorno;;2025-01-21 16:49:13;2025-01-21 16:49:13;
fe71231f-5d4d-46a7-8ebc-5e6a0f80c3dd;799a8ac7-5e62-448f-ad75-a13ce1d73840;12:03:00;almoco_saida;;2025-02-21 13:35:33;2025-02-21 13:35:33;
feb5f60e-5908-4a6c-86bf-2e295ea4113c;56ff3237-5588-4883-bc60-120ab8d9f7ca;12:01:00;saida;;2024-12-24 12:01:45;2024-12-24 12:01:45;
fed076f1-a40b-4656-9211-963e0faa8521;13025b6c-1024-4c8e-8d1d-168e4bc57c4c;12:13:00;almoco_saida;;2025-04-02 12:13:07;2025-04-02 12:35:06;
ff22c3e8-dfc0-4ddf-ab20-ae7c66f845cc;734f1b83-e4bf-4f4e-bca4-f48e20f6b376;08:03:00;entrada;;2025-01-15 08:03:08;2025-01-15 08:03:08;
