id;dia;dia_equipe;equipe;qtd_do_dia;created_at;updated_at;deleted_at
001840fd-d7aa-4d18-b110-401815e1b8ad;2025-03-19;0;;6;2025-08-29 16:16:05;2025-08-29 16:16:05;
003179a4-ecae-43a0-87da-f6ec41302537;2025-02-17;0;;7;2025-08-29 16:16:05;2025-08-29 16:16:05;
009344b4-5949-49ab-83fe-bae6f6896857;2024-01-11;0;;4;2025-08-29 16:16:03;2025-08-29 16:16:03;
0095c0d0-8d28-4e23-a00c-a18e39843d82;2025-07-03;0;;8;2025-08-29 16:16:06;2025-08-29 16:16:06;
00b3c1f5-222e-4fac-8c86-4899ec56334d;2023-12-05;0;;3;2025-08-29 16:16:03;2025-08-29 16:16:03;
0271e467-8244-4808-b3a9-c105749debd2;2025-04-15;0;;6;2025-08-29 16:16:05;2025-08-29 16:16:05;
0308fce4-2c92-454a-8c2e-cccf6a3ca1de;2024-11-26;0;;2;2025-08-29 16:16:04;2025-08-29 16:16:04;
04191615-4067-4732-9fd0-f6bf435b079d;2025-01-08;0;;7;2025-08-29 16:16:04;2025-08-29 16:16:04;
04c62667-71b5-4a51-85da-c0b47b737090;2025-06-11;0;;7;2025-08-29 16:16:06;2025-08-29 16:16:06;
04f7649e-776d-49d7-91fd-dfa69849d47d;2024-10-15;0;;2;2025-08-29 16:16:04;2025-08-29 16:16:04;
0555ecaa-74e5-456e-9790-d34e6ad57306;2024-12-09;0;;4;2025-08-29 16:16:04;2025-08-29 16:16:04;
0562dde6-945b-4919-857f-651da74e4278;2025-02-27;0;;5;2025-08-29 16:16:05;2025-08-29 16:16:05;
068fbcc5-2059-40a8-a541-7e571ac632b1;2024-07-04;0;;1;2025-08-29 16:16:04;2025-08-29 16:16:04;
06b9c38d-8260-45cc-8440-c4d1ec721467;2025-07-04;0;;7;2025-08-29 16:16:06;2025-08-29 16:16:06;
0772df7d-246a-4d62-88e4-543c079eb1be;2025-09-12;0;;7;2025-08-29 16:16:07;2025-08-29 16:16:07;
08a4a653-a996-4577-80da-97407646390a;2025-07-08;0;;9;2025-08-29 16:16:06;2025-08-29 16:16:06;
08b4d9ed-b2c0-4e6b-bc36-5441719fa6cd;2024-11-14;0;;2;2025-08-29 16:16:04;2025-08-29 16:16:04;
08e70ce6-43ac-4833-ba86-d848d636c0e0;2025-09-05;0;;6;2025-08-29 16:16:07;2025-08-29 16:16:07;
08ed5e4e-34db-4647-834e-5a7efa8d4f8f;2024-08-21;0;;2;2025-08-29 16:16:04;2025-08-29 16:16:04;
08f7a3f8-a130-41c1-b2dc-398f62a0f37e;2024-04-02;0;;4;2025-08-29 16:16:03;2025-08-29 16:16:03;
09bd31c0-31c6-4de9-a1f8-4dbe87e91f25;2024-11-05;0;;1;2025-08-29 16:16:04;2025-08-29 16:16:04;
0aadd9a3-69c6-4af1-a27b-bf4d0e383eb0;2025-02-04;0;;7;2025-08-29 16:16:05;2025-08-29 16:16:05;
0b36d94a-8159-4eb5-9faf-3e89e4751c4f;2024-02-21;0;;2;2025-08-29 16:16:03;2025-08-29 16:16:03;
0b6aeab5-8e40-425e-96a2-b1bccdfd7936;2025-06-04;0;;4;2025-08-29 16:16:06;2025-08-29 16:16:06;
0d82c801-d821-4f3d-aa20-3dbaf4fe654b;2024-05-24;0;;5;2025-08-29 16:16:04;2025-08-29 16:16:04;
0df0c45e-5fd7-4495-b7d1-35be866df758;2025-09-08;0;;7;2025-08-29 16:16:07;2025-08-29 16:16:07;
0f831936-bed6-4c37-a012-9c5a4f42cfbc;2024-03-13;0;;2;2025-08-29 16:16:03;2025-08-29 16:16:03;
0fa1c051-6bdd-4c1c-b4d1-9deb7cdd3af7;2024-01-18;0;;2;2025-08-29 16:16:03;2025-08-29 16:16:03;
10b6ddba-b42f-4519-ad6b-02bea0e811ca;2024-04-22;0;;3;2025-08-29 16:16:03;2025-08-29 16:16:03;
116b3d66-960d-415b-9ef8-f9b8e2593598;2024-12-19;0;;4;2025-08-29 16:16:04;2025-08-29 16:16:04;
12294a1b-7433-4010-83ad-ee05fc3d4927;2025-01-09;1;OCTO;8;2025-08-29 16:16:04;2025-08-29 16:16:04;
12bd53fa-b835-4889-ba62-465652874886;2025-09-03;0;;7;2025-08-29 16:16:07;2025-08-29 16:16:07;
1386dbf3-3849-4998-93e4-b73b6275c923;2024-10-24;0;;1;2025-08-29 16:16:04;2025-08-29 16:16:04;
13d3b2aa-9757-4710-a0c7-e91a1bffa174;2025-08-14;0;;10;2025-08-29 16:16:07;2025-08-29 16:16:07;
13ee3d08-b72c-4a13-8ada-625478ccee21;2024-12-16;0;;2;2025-08-29 16:16:04;2025-08-29 16:16:04;
1412ab0b-ecfc-4c13-9ac3-a3b1c9ce7b87;2024-09-23;0;;4;2025-08-29 16:16:04;2025-08-29 16:16:04;
14bf4cef-a3a8-479d-a96f-f91fbbe9bcec;2024-11-07;0;;5;2025-08-29 16:16:04;2025-08-29 16:16:04;
15466c89-9b7a-4a51-813d-2e5d5b1b81f4;2025-08-11;0;;9;2025-08-29 16:16:07;2025-08-29 16:16:07;
167fa191-9283-4317-99c3-3d011a16a42b;2025-01-16;0;;6;2025-08-29 16:16:05;2025-08-29 16:16:05;
169c5264-e6a2-45b7-8710-0bda5f96c258;2025-07-01;0;;8;2025-08-29 16:16:06;2025-08-29 16:16:06;
16ddbe5a-8b51-4f18-b430-91a9d97effdf;2025-07-31;0;;8;2025-08-29 16:16:06;2025-08-29 16:16:06;
172350ca-cfe0-4e30-890a-12a8f111b4cb;2024-06-20;0;;5;2025-08-29 16:16:04;2025-08-29 16:16:04;
192da5d4-c4f5-4a06-b912-4a621c008034;2024-11-12;0;;5;2025-08-29 16:16:04;2025-08-29 16:16:04;
19c30d51-7b60-4fc5-8538-78251cc21f35;2025-08-15;0;;8;2025-08-29 16:16:07;2025-08-29 16:16:07;
1a94ed79-a0bc-4672-84a7-071e414ceb86;2024-01-17;0;;3;2025-08-29 16:16:03;2025-08-29 16:16:03;
1ad4613a-7a4f-439e-bd66-8fa55804ec9f;2025-05-14;0;;6;2025-08-29 16:16:06;2025-08-29 16:16:06;
1afaa15e-44a8-4200-9223-59403601789b;2025-07-14;0;;9;2025-08-29 16:16:06;2025-08-29 16:16:06;
1b6c01d0-79e2-42d5-939e-a58835c12de5;2024-10-16;1;OCTO;6;2025-08-29 16:16:04;2025-08-29 16:16:04;
1c4dde7f-a404-416b-9b23-2bb70967cc4d;2024-12-17;0;;2;2025-08-29 16:16:04;2025-08-29 16:16:04;
1c7e0c79-5043-4e17-a728-a6878f6d5564;2024-12-23;0;;3;2025-08-29 16:16:04;2025-08-29 16:16:04;
1cd0e46e-6732-4d6e-ba77-1ddee30b1776;2025-03-24;0;;7;2025-08-29 16:16:05;2025-08-29 16:16:05;
1d68a318-1cc7-4cbd-acf1-638f3c57a26f;2024-04-04;0;;5;2025-08-29 16:16:03;2025-08-29 16:16:03;
1ebd513e-8555-4d40-8309-cad11a3d81a1;2025-07-23;0;;9;2025-08-29 16:16:06;2025-08-29 16:16:06;
1f2507cd-4337-4349-a830-e9b437507f9f;2025-01-02;0;;7;2025-08-29 16:16:04;2025-08-29 16:16:04;
1f2ad4ec-0fc0-4de0-8e37-e83f5d9f48ac;2025-04-11;0;;8;2025-08-29 16:16:05;2025-08-29 16:16:05;
1fe60fc6-f406-4f63-bd23-b03b40d493a5;2025-06-10;0;;5;2025-08-29 16:16:06;2025-08-29 16:16:06;
1ff4cd8a-d92a-4e2b-bd2a-8b6d35714cdf;2025-03-05;0;;3;2025-08-29 16:16:05;2025-08-29 16:16:05;
21dea18b-ae98-45e3-87e2-7e163fe62908;2024-09-25;0;;1;2025-08-29 16:16:04;2025-08-29 16:16:04;
2388607d-426f-49c6-9fcb-dcaafc373b3a;2024-09-04;0;;1;2025-08-29 16:16:04;2025-08-29 16:16:04;
23904b8a-851b-4e25-bcbc-042a5bf830c4;2025-05-19;0;;6;2025-08-29 16:16:06;2025-08-29 16:16:06;
24983497-4b69-43d6-a2ff-7cffca07d2b9;2025-10-01;1;OCTO;12;2025-08-29 16:16:07;2025-08-29 16:16:07;
257a638f-2d98-45dd-bddb-14aea1c26236;2025-05-13;1;FRONT;7;2025-08-29 16:16:06;2025-08-29 16:16:06;
2580e51b-4989-4f6c-b754-57acd987988c;2024-04-15;0;;2;2025-08-29 16:16:03;2025-08-29 16:16:03;
261f4dfc-029a-4607-85cd-cec8f2cf6695;2025-07-29;0;;9;2025-08-29 16:16:06;2025-08-29 16:16:06;
266d21fe-8664-4e9c-a4ba-df4a23300d25;2025-04-10;1;FRONT;10;2025-08-29 16:16:05;2025-08-29 16:16:05;
29f9aba5-48d3-4ffa-a9f4-01cec63fc5d6;2025-09-22;0;;7;2025-08-29 16:16:07;2025-08-29 16:16:07;
2b5948fb-b2c7-4275-8829-31a1ad926edd;2024-10-14;0;;2;2025-08-29 16:16:04;2025-08-29 16:16:04;
2bda6b2e-c0c9-46d6-9d43-9ac11ca2028b;2025-06-17;0;;7;2025-08-29 16:16:06;2025-08-29 16:16:06;
2ca7fa74-ad64-4321-bf0a-df0ad8f8ffef;2025-01-07;0;;7;2025-08-29 16:16:04;2025-08-29 16:16:04;
2cab5871-fa1e-45f5-be05-03a14ff144a1;2024-12-26;0;;4;2025-08-29 16:16:04;2025-08-29 16:16:04;
2ceebec2-53d6-4da0-b24a-068fbf1bb0c4;2025-04-02;0;;7;2025-08-29 16:16:05;2025-08-29 16:16:05;
2d95cb80-7dfe-4fb1-bdc9-c44455ccbcea;2024-03-19;0;;5;2025-08-29 16:16:03;2025-08-29 16:16:03;
2ec28081-7c7f-4635-8d24-955da69515d1;2024-09-12;1;OCTO;6;2025-08-29 16:16:04;2025-08-29 16:16:04;
2eec5bba-3622-4e6e-bd3a-f6a291dc93a0;2023-12-01;0;;2;2025-08-29 16:16:03;2025-08-29 16:16:03;
2f326dfc-6504-418f-8dad-398f66db7fbf;2023-11-30;0;;4;2025-08-29 16:16:03;2025-08-29 16:16:03;
2f833c79-f835-49b7-88c8-2e3c32c9623f;2025-09-26;1;SQ;10;2025-08-29 16:16:07;2025-08-29 16:16:07;
30440fa4-712a-4237-8ff9-1b3b936803bc;2025-08-27;1;FUNDOS;9;2025-08-29 16:16:07;2025-08-29 16:16:07;
31780099-f5df-4580-a71d-33251107f662;2024-02-16;0;;2;2025-08-29 16:16:03;2025-08-29 16:16:03;
31c35500-f664-4459-b31f-be7a10874e71;2024-02-19;0;;2;2025-08-29 16:16:03;2025-08-29 16:16:03;
31e3d68b-09be-4d27-bae0-f86cecf5f223;2024-02-22;1;OCTO;5;2025-08-29 16:16:03;2025-08-29 16:16:03;
33390a92-fe73-4f44-98dd-75978dea7f08;2024-09-17;1;FRONT;5;2025-08-29 16:16:04;2025-08-29 16:16:04;
34697170-6435-48da-aeb7-8ec765b7080c;2025-09-15;0;;7;2025-08-29 16:16:07;2025-08-29 16:16:07;
356746a6-0624-4d03-bec8-d37c4d661180;2024-11-13;0;;8;2025-08-29 16:16:04;2025-08-29 16:16:04;
36492102-9efe-4b05-bb33-1eb6dff58283;2024-10-28;0;;2;2025-08-29 16:16:04;2025-08-29 16:16:04;
395e5654-7ade-4d7b-ac8e-13c8c0883945;2024-04-09;0;;2;2025-08-29 16:16:03;2025-08-29 16:16:03;
398fe30c-1418-43fa-95fc-18c3f76767af;2024-04-24;0;;2;2025-08-29 16:16:03;2025-08-29 16:16:03;
3a7c7dcd-d6e3-44d4-97fd-b8b6818193db;2024-12-03;0;;2;2025-08-29 16:16:04;2025-08-29 16:16:04;
3ada917f-177d-44e5-ad0c-f671a3c51418;2025-04-17;0;;6;2025-08-29 16:16:05;2025-08-29 16:16:05;
3ae4c03a-61c8-48c8-9036-5cf87dc569c7;2025-04-07;0;;7;2025-08-29 16:16:05;2025-08-29 16:16:05;
3cdece4d-c901-49f4-a5cb-3cb0e0e9c23b;2025-06-24;1;FRONT;6;2025-08-29 16:16:06;2025-08-29 16:16:06;
3dee284b-c011-4a8c-bd79-13766021dc73;2025-01-14;0;;5;2025-08-29 16:16:05;2025-08-29 16:16:05;
3e8f5e31-2145-4368-a07f-e85177acba67;2025-07-24;0;;9;2025-08-29 16:16:06;2025-08-29 16:16:06;
40601563-d4a8-4fbc-b75b-c38feb688abb;2024-08-05;0;;2;2025-08-29 16:16:04;2025-08-29 16:16:04;
41134928-9b02-44c7-a911-aa42a9d902c3;2025-09-01;0;;7;2025-08-29 16:16:07;2025-08-29 16:16:07;
4115b18d-c36c-4b03-a486-e7e5449cd26b;2025-08-18;0;;9;2025-08-29 16:16:07;2025-08-29 16:16:07;
412f62e3-15bf-4ca2-abc7-4f8015c03419;2024-12-04;0;;3;2025-08-29 16:16:04;2025-08-29 16:16:04;
41e3ed54-225b-4fa9-ab6b-8718c3f7d220;2024-10-10;0;;2;2025-08-29 16:16:04;2025-08-29 16:16:04;
43aef064-1dfe-4ccb-9086-b6f5cfac4116;2024-01-08;1;OCTO;5;2025-08-29 16:16:03;2025-08-29 16:16:03;
43c9d702-ec9c-4b29-987a-42129e693c4d;2024-07-24;0;;1;2025-08-29 16:16:04;2025-08-29 16:16:04;
448dcdda-de77-4513-8ceb-0639709e6fef;2024-07-11;0;;2;2025-08-29 16:16:04;2025-08-29 16:16:04;
458adc1c-1642-45ba-ba30-8a4a21203d0d;2025-07-25;1;OCTO;9;2025-08-29 16:16:06;2025-08-29 16:16:06;
45da2aa9-e656-4c74-8a7f-ff717c3d7f72;2025-06-12;0;;7;2025-08-29 16:16:06;2025-08-29 16:16:06;
46fdab60-e06f-471c-987a-9d9122ce8ece;2024-01-09;0;;4;2025-08-29 16:16:03;2025-08-29 16:16:03;
49233866-217e-4387-a077-e6490aeb3ca0;2024-05-28;0;;3;2025-08-29 16:16:04;2025-08-29 16:16:04;
498bef5a-df52-48b8-a12c-b996b7d9eb66;2024-08-23;0;;2;2025-08-29 16:16:04;2025-08-29 16:16:04;
4a667dca-0f36-41ca-a834-f07fe6f631e3;2024-02-06;0;;5;2025-08-29 16:16:03;2025-08-29 16:16:03;
4a77fcde-cc27-4e95-bed8-3651260b83f4;2025-01-27;0;;6;2025-08-29 16:16:05;2025-08-29 16:16:05;
4aacddb2-fd54-468c-a026-8166a2a5a307;2024-03-25;0;;2;2025-08-29 16:16:03;2025-08-29 16:16:03;
4af5a465-4424-40de-962d-e04105a26edc;2025-01-15;0;;6;2025-08-29 16:16:05;2025-08-29 16:16:05;
4b593060-603d-47ce-89ba-51cd94aff6c9;2025-04-01;0;;7;2025-08-29 16:16:05;2025-08-29 16:16:05;
4c243442-0fbd-4c61-8aed-b676ae7c61f6;2025-08-08;0;;8;2025-08-29 16:16:07;2025-08-29 16:16:07;
4d6c2b36-c681-4d15-927b-16a3c08e4f78;2024-01-30;0;;2;2025-08-29 16:16:03;2025-08-29 16:16:03;
4e2631a3-bf37-4955-abba-d8873d423db5;2024-07-08;0;;4;2025-08-29 16:16:04;2025-08-29 16:16:04;
4e75a1a7-abe4-4bfb-b3fd-a7326b012727;2025-03-12;1;OCTO;7;2025-08-29 16:16:05;2025-08-29 16:16:05;
4ea0e87a-68be-464b-9189-ed4ef381e241;2025-05-05;0;;8;2025-08-29 16:16:05;2025-08-29 16:16:05;
4ecca190-2a4e-4292-8651-3ed6ba9b6297;2023-12-26;0;;3;2025-08-29 16:16:03;2025-08-29 16:16:03;
4ede2424-5c3a-440f-a94a-38b59aee298a;2025-07-15;0;;8;2025-08-29 16:16:06;2025-08-29 16:16:06;
4f46c5a6-ac66-4247-983d-5e65af8b74b2;2025-02-26;0;;6;2025-08-29 16:16:05;2025-08-29 16:16:05;
504ca2a0-1359-4cb7-bea7-7ce5462f7a87;2025-06-06;0;;6;2025-08-29 16:16:06;2025-08-29 16:16:06;
51220532-fb23-4a41-be98-2629a228eb6b;2024-11-27;1;OCTO;7;2025-08-29 16:16:04;2025-08-29 16:16:04;
5148865f-fbea-4f33-9e1d-3fc5ef5124ed;2025-08-07;0;;7;2025-08-29 16:16:07;2025-08-29 16:16:07;
516dd3e0-b734-4b50-a2cd-329ab976bb27;2025-01-10;0;;5;2025-08-29 16:16:05;2025-08-29 16:16:05;
51868da1-9222-44da-b51d-38af16b44670;2024-03-21;0;;2;2025-08-29 16:16:03;2025-08-29 16:16:03;
51ee4189-b37c-4a41-ab84-0a7cacafa885;2025-07-10;1;OCTO;14;2025-08-29 16:16:06;2025-08-29 16:16:06;
52031f8a-7540-4de7-95c9-b2006ebc0a6b;2024-07-30;0;;3;2025-08-29 16:16:04;2025-08-29 16:16:04;
52841572-438c-496a-9262-bb86e359c61b;2025-06-30;0;;5;2025-08-29 16:16:06;2025-08-29 16:16:06;
52847721-5564-4d2a-9ee4-a6ef42e00c94;2025-05-06;0;;6;2025-08-29 16:16:06;2025-08-29 16:16:06;
539079af-df6c-4231-b081-7d715e6733a6;2025-07-09;0;;8;2025-08-29 16:16:06;2025-08-29 16:16:06;
53e13205-10cf-4504-ac71-a132887a1997;2024-05-08;0;;3;2025-08-29 16:16:04;2025-08-29 16:16:04;
5444aa45-463f-4b47-b84b-5bf698c75676;2024-05-07;0;;1;2025-08-29 16:16:04;2025-08-29 16:16:04;
54b09191-4944-45b1-a56a-06c12ec93bdc;2024-10-07;0;;2;2025-08-29 16:16:04;2025-08-29 16:16:04;
54e18ab0-5ebf-4217-ba32-01e30a14d8fd;2024-08-07;0;;5;2025-08-29 16:16:04;2025-08-29 16:16:04;
55400333-f403-4a8c-a118-650f14cfdf0a;2025-01-31;0;;5;2025-08-29 16:16:05;2025-08-29 16:16:05;
564652f5-f442-4f1a-920d-5f0cc271b063;2024-06-06;1;OCTO;5;2025-08-29 16:16:04;2025-08-29 16:16:04;
57615f43-0557-4c0f-a63a-d4e417f3f566;2024-06-25;0;;2;2025-08-29 16:16:04;2025-08-29 16:16:04;
577d7faa-2c21-4340-80ab-c7015eb089ab;2025-06-13;0;;6;2025-08-29 16:16:06;2025-08-29 16:16:06;
5827c7ba-7764-4b6e-b12d-75cadd7b6820;2025-03-18;0;;3;2025-08-29 16:16:05;2025-08-29 16:16:05;
587e1dcc-bd06-4ebb-af87-e0671fea509e;2025-01-03;0;;5;2025-08-29 16:16:04;2025-08-29 16:16:04;
593342b7-5f00-4204-b4b5-09d5228f7507;2024-09-18;0;;1;2025-08-29 16:16:04;2025-08-29 16:16:04;
5b92139c-fde1-4cd5-b832-e5fcd099cdf8;2024-01-04;0;;4;2025-08-29 16:16:03;2025-08-29 16:16:03;
5c987159-b571-478e-811e-96d74c8c2e1b;2024-11-04;0;;1;2025-08-29 16:16:04;2025-08-29 16:16:04;
5cf9f839-7ba3-430e-98b2-0b7442c2f7cb;2024-12-20;0;;4;2025-08-29 16:16:04;2025-08-29 16:16:04;
5d76c9e6-889c-4fd8-ab5f-60e4a45b6b8e;2024-11-11;0;;2;2025-08-29 16:16:04;2025-08-29 16:16:04;
5dd9bbfa-07e2-4f26-b56d-e9162e1b76a2;2024-05-23;1;OCTO;6;2025-08-29 16:16:04;2025-08-29 16:16:04;
5e00a7d1-5109-4bfb-9d98-c2f13379cb9e;2023-12-28;0;;4;2025-08-29 16:16:03;2025-08-29 16:16:03;
5e82dbce-7d03-4aca-9f7f-0df7696928f5;2025-02-21;0;;7;2025-08-29 16:16:05;2025-08-29 16:16:05;
5efb2e7e-bc4f-4849-8b48-249d69fefddf;2025-01-28;0;;7;2025-08-29 16:16:05;2025-08-29 16:16:05;
5f5da745-91ec-4a3a-95a0-6a5b0b4d0f55;2025-03-27;0;;6;2025-08-29 16:16:05;2025-08-29 16:16:05;
6008b980-b380-4c84-85c5-36394fcf4809;2024-06-28;0;;2;2025-08-29 16:16:04;2025-08-29 16:16:04;
608743e7-1c19-4cf5-89f4-6020bb34a59f;2024-09-13;0;;1;2025-08-29 16:16:04;2025-08-29 16:16:04;
60fdcc2e-df12-4bdb-bdaf-fbaf1b82d472;2024-08-16;0;;1;2025-08-29 16:16:04;2025-08-29 16:16:04;
61f23537-dbd1-4b25-9ec5-735b3814410d;2024-01-24;0;;4;2025-08-29 16:16:03;2025-08-29 16:16:03;
62b77502-f42a-4967-b739-d4e1f56e1868;2024-02-27;0;;4;2025-08-29 16:16:03;2025-08-29 16:16:03;
63666424-1b30-48d8-80ad-8e2d7642a925;2024-03-20;0;;2;2025-08-29 16:16:03;2025-08-29 16:16:03;
637a49a8-8726-4d77-ba6e-86cc55c8d380;2024-10-23;0;;4;2025-08-29 16:16:04;2025-08-29 16:16:04;
638387fa-fbfc-4b5a-a8b4-d4f1eca07be3;2025-02-03;0;;7;2025-08-29 16:16:05;2025-08-29 16:16:05;
649297b2-8ca9-4151-8c53-239c6e5a44eb;2025-08-04;0;;8;2025-08-29 16:16:06;2025-08-29 16:16:06;
64f9bba4-ac75-4bc9-bf76-7e58224a0e65;2024-08-30;0;;3;2025-08-29 16:16:04;2025-08-29 16:16:04;
656dc0ee-75ae-4ef7-ba8f-e50b1033bd2b;2024-05-22;0;;2;2025-08-29 16:16:04;2025-08-29 16:16:04;
6681330c-4470-40a2-91f3-e07c078d9044;2025-08-12;0;;9;2025-08-29 16:16:07;2025-08-29 16:16:07;
67a1a4d4-09a8-489e-bb69-379df21eeb4c;2025-03-07;0;;5;2025-08-29 16:16:05;2025-08-29 16:16:05;
68040b5f-728a-4ada-af76-fa00c6c2d8ad;2024-10-31;0;;5;2025-08-29 16:16:04;2025-08-29 16:16:04;
68f8cfed-b048-45f7-b8f3-d47c53ee22f7;2025-05-27;0;;5;2025-08-29 16:16:06;2025-08-29 16:16:06;
69a0e5cb-2abd-442a-b883-6b7973658504;2025-04-04;0;;7;2025-08-29 16:16:05;2025-08-29 16:16:05;
6ac1b6e2-78c5-4627-978e-12155168e265;2024-12-10;0;;2;2025-08-29 16:16:04;2025-08-29 16:16:04;
6b5bba92-a331-4b5a-98c0-a1721ff7686a;2025-09-25;0;;6;2025-08-29 16:16:07;2025-08-29 16:16:07;
6bda3f52-0f53-498e-b30f-fa0b712bdd0e;2025-03-14;0;;7;2025-08-29 16:16:05;2025-08-29 16:16:05;
6c25135d-1f72-4dec-b8fc-8b7f6c7d1132;2024-06-24;0;;1;2025-08-29 16:16:04;2025-08-29 16:16:04;
6c7848b2-9e1b-41a8-b65c-e63e864f9f7c;2025-04-29;0;;6;2025-08-29 16:16:05;2025-08-29 16:16:05;
6e6bedd4-d5ae-4bc1-b676-5568f77382cd;2024-02-28;0;;2;2025-08-29 16:16:03;2025-08-29 16:16:03;
6ec6f3ed-e586-4a6c-82df-f5826d50a708;2025-04-25;1;OCTO;9;2025-08-29 16:16:05;2025-08-29 16:16:05;
6f118275-168f-4221-8fdc-7dfb212c26cd;2024-09-26;0;;2;2025-08-29 16:16:04;2025-08-29 16:16:04;
6f23d8e4-cd09-47f4-bb15-2a65ac34ea60;2024-10-29;0;;2;2025-08-29 16:16:04;2025-08-29 16:16:04;
7008000b-5a54-4877-a215-fe3f38522125;2025-04-03;0;;7;2025-08-29 16:16:05;2025-08-29 16:16:05;
72105874-72fe-46fb-b007-fd38e6137cf6;2024-02-07;0;;2;2025-08-29 16:16:03;2025-08-29 16:16:03;
726efa1c-e55e-41f5-aeb6-628a5b01bc03;2025-09-10;0;;7;2025-08-29 16:16:07;2025-08-29 16:16:07;
72859a02-391f-46d0-ab8d-a73aa3f54cb3;2025-09-11;0;;7;2025-08-29 16:16:07;2025-08-29 16:16:07;
729caf9e-3360-40dc-9a0f-7087ac413b49;2024-04-05;0;;2;2025-08-29 16:16:03;2025-08-29 16:16:03;
737c8b7b-c35a-478c-b3ea-1c3b07bb8224;2025-01-22;1;FRONT;10;2025-08-29 16:16:05;2025-08-29 16:16:05;
73bc1de8-9074-428a-bb3a-4400845a413f;2025-03-28;0;;7;2025-08-29 16:16:05;2025-08-29 16:16:05;
74555478-78fe-4ec9-95e8-b5c4b1a22d47;2025-02-13;0;;6;2025-08-29 16:16:05;2025-08-29 16:16:05;
76574218-281e-4e99-a63a-440a9c0d83ec;2024-08-22;0;;1;2025-08-29 16:16:04;2025-08-29 16:16:04;
77d2ec7f-039b-4a3e-a379-3fba73be05bb;2024-12-02;0;;4;2025-08-29 16:16:04;2025-08-29 16:16:04;
787add1e-506f-4894-ba7b-76301da395bc;2025-02-19;0;;5;2025-08-29 16:16:05;2025-08-29 16:16:05;
790cf1cc-438b-4e2f-bf02-249703f22f43;2024-08-14;0;;2;2025-08-29 16:16:04;2025-08-29 16:16:04;
791fe7bc-72a5-4abe-91d5-7499b2f2428e;2025-06-02;0;;5;2025-08-29 16:16:06;2025-08-29 16:16:06;
79f729ce-393c-43d4-8eb3-93afb5c5ace1;2025-06-20;0;;4;2025-08-29 16:16:06;2025-08-29 16:16:06;
7a1f51a8-d649-465e-ba6f-36a9a717a584;2024-08-20;1;OCTO;6;2025-08-29 16:16:04;2025-08-29 16:16:04;
7a39e82f-5441-4b0c-84fd-6761bb2b0ee4;2025-02-06;1;OCTO;6;2025-08-29 16:16:05;2025-08-29 16:16:05;
7bafe9e4-8da3-4692-a6b8-e5ccea52fb33;2025-02-28;0;;4;2025-08-29 16:16:05;2025-08-29 16:16:05;
7bf94f16-1424-4375-94a4-a16c4d0a734b;2024-05-17;0;;2;2025-08-29 16:16:04;2025-08-29 16:16:04;
7cd00f12-55e4-4e44-8659-9d6a728483d7;2024-01-10;0;;4;2025-08-29 16:16:03;2025-08-29 16:16:03;
7cd6f455-a4ce-40b1-8c6e-da5be3b62ebc;2024-09-16;0;;2;2025-08-29 16:16:04;2025-08-29 16:16:04;
7d790302-49e9-4408-9894-1fa086bb5ab5;2025-08-25;1;FRONT;9;2025-08-29 16:16:07;2025-08-29 16:16:07;
7db0148f-544e-42f4-ae1a-dd7b9dda6c74;2025-02-18;0;;6;2025-08-29 16:16:05;2025-08-29 16:16:05;
80120fce-382c-4d6d-9d3d-e029f9c0d411;2025-04-28;0;;8;2025-08-29 16:16:05;2025-08-29 16:16:05;
809f5fb8-53d2-48d7-b9ec-a66d013801d3;2024-02-08;1;OCTO;6;2025-08-29 16:16:03;2025-08-29 16:16:03;
80bd3b79-8703-4776-9986-d167a8519435;2025-08-06;0;;8;2025-08-29 16:16:07;2025-08-29 16:16:07;
8221d511-6577-40f5-95e8-047819f7077b;2025-03-20;0;;5;2025-08-29 16:16:05;2025-08-29 16:16:05;
826a5a4e-b689-44c3-aa1e-de56baad99d2;2024-09-11;0;;2;2025-08-29 16:16:04;2025-08-29 16:16:04;
82e024e9-0d33-4ab6-8e48-72160258526d;2025-01-06;0;;5;2025-08-29 16:16:04;2025-08-29 16:16:04;
83af7848-213e-4b36-bfa3-163ff8c8add7;2024-12-27;0;;4;2025-08-29 16:16:04;2025-08-29 16:16:04;
845ea8d9-0ab5-41d6-a9b5-2da2f1150ec9;2025-06-26;0;;5;2025-08-29 16:16:06;2025-08-29 16:16:06;
86905544-85cb-443c-84e5-5dfffab12132;2024-11-06;0;;2;2025-08-29 16:16:04;2025-08-29 16:16:04;
86c38dcb-b26d-4f2c-bbdc-63724d5a338b;2025-05-29;0;;5;2025-08-29 16:16:06;2025-08-29 16:16:06;
86c4f4e2-c307-41f1-b2da-0e2a10dd5e83;2025-09-29;1;FUNDOS;8;2025-08-29 16:16:07;2025-08-29 16:16:07;
873d3c39-1478-406e-a88b-9e42b25aa439;2024-06-18;0;;2;2025-08-29 16:16:04;2025-08-29 16:16:04;
88879ab0-78ec-43b6-8d2d-bb25b5b48e5a;2024-01-16;0;;3;2025-08-29 16:16:03;2025-08-29 16:16:03;
896d3cd6-bb54-4c4d-8baf-ff7fe031764c;2025-08-21;0;;8;2025-08-29 16:16:07;2025-08-29 16:16:07;
899821d5-471d-4d7b-9329-7532a75c4236;2024-05-16;0;;1;2025-08-29 16:16:04;2025-08-29 16:16:04;
89d815cc-936c-4053-b14b-008a58a4538c;2024-03-07;0;;4;2025-08-29 16:16:03;2025-08-29 16:16:03;
89ef56e4-71fe-4c9e-897e-a2c99b1e3807;2024-09-30;0;;1;2025-08-29 16:16:04;2025-08-29 16:16:04;
8db8ed48-ef72-432f-a5d4-bf88ec292035;2024-04-18;0;;4;2025-08-29 16:16:03;2025-08-29 16:16:03;
90a1008a-da83-4d64-b76d-a865dd924b16;2025-03-26;0;;7;2025-08-29 16:16:05;2025-08-29 16:16:05;
91737b26-443c-4e29-920e-5c5cadf69691;2024-04-16;1;OCTO;6;2025-08-29 16:16:03;2025-08-29 16:16:03;
91c9dc5f-3947-4b55-bf41-e6b61ecf9601;2024-06-13;0;;2;2025-08-29 16:16:04;2025-08-29 16:16:04;
9222aeb1-40f4-4080-b2de-3a16ce7ba855;2025-05-28;0;;5;2025-08-29 16:16:06;2025-08-29 16:16:06;
92392623-bc0a-416e-81b5-015a7e60ddd3;2025-07-30;0;;9;2025-08-29 16:16:06;2025-08-29 16:16:06;
924247a5-35fe-419c-8c40-c19bee7f5374;2025-07-28;0;;9;2025-08-29 16:16:06;2025-08-29 16:16:06;
9353e209-60ea-422a-ba99-be315d647897;2024-05-20;0;;3;2025-08-29 16:16:04;2025-08-29 16:16:04;
943e67fb-f1cc-4706-8991-d24160da2bd8;2024-07-09;0;;5;2025-08-29 16:16:04;2025-08-29 16:16:04;
95a4df25-6be7-4ae8-9c1b-f6e95a810ccd;2024-02-02;0;;3;2025-08-29 16:16:03;2025-08-29 16:16:03;
95d825a8-c241-4019-b87e-128d8dc57c7c;2024-10-30;0;;1;2025-08-29 16:16:04;2025-08-29 16:16:04;
96dea8a7-0d1f-4a0d-9110-98e7e13050ff;2025-06-03;0;;6;2025-08-29 16:16:06;2025-08-29 16:16:06;
974bc4c9-6f40-496a-8811-344cc65eae39;2025-06-18;0;;8;2025-08-29 16:16:06;2025-08-29 16:16:06;
977f9ac4-862c-45c4-8ea2-c89e06195d9c;2024-07-15;0;;1;2025-08-29 16:16:04;2025-08-29 16:16:04;
991d956e-f6d5-4c2e-a523-c0951afae203;2024-10-01;0;;2;2025-08-29 16:16:04;2025-08-29 16:16:04;
99a77671-a4df-4cba-8573-ca3f7a478ada;2025-08-13;0;;9;2025-08-29 16:16:07;2025-08-29 16:16:07;
9a36954b-9561-45e1-b408-d929d3c2870c;2024-01-05;0;;4;2025-08-29 16:16:03;2025-08-29 16:16:03;
9b9c1aa5-33c6-4c5d-95c5-de01a977ed8e;2025-03-13;0;;5;2025-08-29 16:16:05;2025-08-29 16:16:05;
9c511392-9eb9-4768-9088-9b1df923ad36;2024-11-21;0;;2;2025-08-29 16:16:04;2025-08-29 16:16:04;
9d15bda8-4044-44b9-b58e-2c47e6533d82;2024-10-03;0;;2;2025-08-29 16:16:04;2025-08-29 16:16:04;
9e393aba-6a53-479e-994b-523f74a51e49;2025-03-31;0;;5;2025-08-29 16:16:05;2025-08-29 16:16:05;
a000e905-5f4b-4c65-8d08-72e5ccb7a624;2025-06-05;0;;5;2025-08-29 16:16:06;2025-08-29 16:16:06;
a1578fbb-8110-44b3-95d4-74fec1342b6a;2024-08-09;0;;4;2025-08-29 16:16:04;2025-08-29 16:16:04;
a172786c-037e-473a-b741-1f50b76646e8;2024-03-06;0;;2;2025-08-29 16:16:03;2025-08-29 16:16:03;
a187929c-1170-4c66-9e07-5d5bb73fb4c7;2025-05-08;0;;7;2025-08-29 16:16:06;2025-08-29 16:16:06;
a30d7f1a-688e-4a7d-b95d-13b7145fd703;2024-03-27;0;;2;2025-08-29 16:16:03;2025-08-29 16:16:03;
a38c78ee-8f2b-44f6-9210-2f9056d4a964;2024-08-15;0;;4;2025-08-29 16:16:04;2025-08-29 16:16:04;
a64953f0-8aa3-492b-9da9-9c280fd2e213;2025-02-05;0;;7;2025-08-29 16:16:05;2025-08-29 16:16:05;
a72b5f29-39cd-47bc-b1d0-ae71980f8783;2024-04-26;0;;4;2025-08-29 16:16:04;2025-08-29 16:16:04;
a7cfe1b3-a084-4011-a76f-3dd681168fac;2025-07-18;0;;6;2025-08-29 16:16:06;2025-08-29 16:16:06;
a86b954e-5b72-4ea5-8002-6d4dd3383e47;2024-03-26;0;;3;2025-08-29 16:16:03;2025-08-29 16:16:03;
a8bee679-2a12-413f-ba5b-1cef9d10d4ab;2025-05-26;0;;5;2025-08-29 16:16:06;2025-08-29 16:16:06;
a8c1d997-9d0d-4dc1-b4be-0c254ee3317f;2024-10-09;0;;1;2025-08-29 16:16:04;2025-08-29 16:16:04;
a952fdfe-c349-48de-98fb-407c195502b3;2024-12-12;0;;4;2025-08-29 16:16:04;2025-08-29 16:16:04;
aab03939-0253-400b-b885-feb5d3fccbc7;2024-11-28;0;;3;2025-08-29 16:16:04;2025-08-29 16:16:04;
aab8d249-c33d-4ea9-aa90-62b497ad7b29;2024-03-28;1;OCTO;6;2025-08-29 16:16:03;2025-08-29 16:16:03;
ab8809a1-1f38-4dec-bd96-b08f4851ca3e;2025-07-21;0;;9;2025-08-29 16:16:06;2025-08-29 16:16:06;
aba873b0-b0b7-4a65-a38b-c92b0193487f;2025-07-02;0;;8;2025-08-29 16:16:06;2025-08-29 16:16:06;
abf20569-6e8e-4fed-a8a3-1f61f3fb31e5;2025-05-07;0;;7;2025-08-29 16:16:06;2025-08-29 16:16:06;
ac123c94-41da-46c8-8ac4-8a35088a0d03;2024-05-09;0;;1;2025-08-29 16:16:04;2025-08-29 16:16:04;
ac2b1600-01e1-460f-8beb-39f047a85de8;2025-05-22;0;;5;2025-08-29 16:16:06;2025-08-29 16:16:06;
af6321c8-6211-40c8-a5dd-5dc73efd2364;2025-05-12;0;;6;2025-08-29 16:16:06;2025-08-29 16:16:06;
b0f5b444-cde5-4391-b755-4bf380ac4f6b;2025-08-28;1;SQ;10;2025-08-29 16:16:07;2025-08-29 16:16:07;
b2553db8-62fa-4f25-8bf0-2eb83ed15b90;2025-05-15;0;;6;2025-08-29 16:16:06;2025-08-29 16:16:06;
b2db9763-a90c-4cc1-ace7-b22d2c9b813a;2024-07-17;0;;2;2025-08-29 16:16:04;2025-08-29 16:16:04;
b30a46c3-0b79-4987-9b9e-e56677acd77c;2025-09-17;0;;7;2025-08-29 16:16:07;2025-08-29 16:16:07;
b496ace1-7cee-4f07-9665-02f12cb3b685;2024-01-02;0;;2;2025-08-29 16:16:03;2025-08-29 16:16:03;
b4a39da4-34f5-4a42-900a-5acafe7ecdf5;2025-05-09;0;;7;2025-08-29 16:16:06;2025-08-29 16:16:06;
b4b4427e-2325-468d-b915-0ee5638f5320;2025-06-16;1;OCTO;9;2025-08-29 16:16:06;2025-08-29 16:16:06;
b517b9d1-dec5-4bb8-9ebe-cef7ddc1c4ff;2025-08-19;0;;9;2025-08-29 16:16:07;2025-08-29 16:16:07;
b53f48fb-915a-4c79-b1cc-2e62bb762598;2024-05-14;0;;1;2025-08-29 16:16:04;2025-08-29 16:16:04;
b5dce299-26a2-47b6-bcd2-e284b03c0087;2025-05-20;0;;6;2025-08-29 16:16:06;2025-08-29 16:16:06;
b836a975-fc60-4abd-97c9-f233f3c402f3;2024-11-25;0;;5;2025-08-29 16:16:04;2025-08-29 16:16:04;
b8bef59d-6ffb-4406-a274-225cfc408b2b;2024-04-25;0;;5;2025-08-29 16:16:03;2025-08-29 16:16:03;
b8c3c807-b35c-4e77-bb65-41b5f79c1c93;2025-07-11;1;FUNDOS;8;2025-08-29 16:16:06;2025-08-29 16:16:06;
b9689c32-f437-4f40-a3dd-88dee6a3bfed;2025-09-19;0;;6;2025-08-29 16:16:07;2025-08-29 16:16:07;
b9cba67b-498d-400d-97c3-84c2bad739d1;2025-09-09;0;;7;2025-08-29 16:16:07;2025-08-29 16:16:07;
ba50bfc5-3c66-47e0-a681-ebd9d238e902;2025-01-24;0;;8;2025-08-29 16:16:05;2025-08-29 16:16:05;
ba75875b-2e00-4d68-aa49-c5852bfbf9fb;2024-08-01;0;;3;2025-08-29 16:16:04;2025-08-29 16:16:04;
bacee7dd-d162-4101-ba47-7eee223361c8;2024-02-05;0;;4;2025-08-29 16:16:03;2025-08-29 16:16:03;
bb8486c3-b384-4063-bf17-15a03c51c60d;2025-05-23;0;;6;2025-08-29 16:16:06;2025-08-29 16:16:06;
bcd5bd36-e1c7-41a6-8e06-b0721eac5ad5;2024-09-05;0;;5;2025-08-29 16:16:04;2025-08-29 16:16:04;
bdb545b3-9398-499a-937a-97dd183a59c0;2024-06-11;0;;5;2025-08-29 16:16:04;2025-08-29 16:16:04;
be03f72d-f900-47f7-b553-6799a82b8b71;2025-05-21;1;OCTO;7;2025-08-29 16:16:06;2025-08-29 16:16:06;
bea16c5b-bde9-475e-807b-d76eff578655;2025-02-07;0;;6;2025-08-29 16:16:05;2025-08-29 16:16:05;
becefbb8-3cd7-4ce9-a53a-16611c8f73fa;2024-10-25;1;FRONT;5;2025-08-29 16:16:04;2025-08-29 16:16:04;
bf648397-297a-4fb9-8761-8b74578a7459;2025-10-03;1;FRONT;9;2025-08-29 16:16:07;2025-08-29 16:16:07;
bfbf17a5-97e4-49a3-bc41-46ea44208572;2025-09-16;0;;7;2025-08-29 16:16:07;2025-08-29 16:16:07;
c066182c-e8fc-4a53-aebf-1f5d529460f8;2024-04-19;0;;2;2025-08-29 16:16:03;2025-08-29 16:16:03;
c1190ee6-9ae0-41f3-ad76-7bce0144f3d2;2025-04-30;0;;7;2025-08-29 16:16:05;2025-08-29 16:16:05;
c13439d4-c022-4f37-8f1c-eea5a71810ad;2024-05-15;0;;2;2025-08-29 16:16:04;2025-08-29 16:16:04;
c14b6a9d-e4c7-425a-891e-acef126c5a06;2025-04-22;0;;4;2025-08-29 16:16:05;2025-08-29 16:16:05;
c27a375e-db87-4403-846a-d4fb4e28bab3;2024-10-04;0;;1;2025-08-29 16:16:04;2025-08-29 16:16:04;
c32fb604-43a0-4792-a150-7dfacf705282;2025-07-17;0;;7;2025-08-29 16:16:06;2025-08-29 16:16:06;
c3e46b73-098a-4090-9295-94fcf1f58fa9;2025-05-30;0;;5;2025-08-29 16:16:06;2025-08-29 16:16:06;
c3e93793-d46e-48f5-8542-e3d8c3fc2a7e;2025-03-21;0;;6;2025-08-29 16:16:05;2025-08-29 16:16:05;
c44b45ab-19d0-4082-95aa-b3d7e44dcb5d;2025-06-27;0;;7;2025-08-29 16:16:06;2025-08-29 16:16:06;
c5ae23b0-f940-403e-855f-44c2dea8f850;2025-04-08;0;;5;2025-08-29 16:16:05;2025-08-29 16:16:05;
c5eb01e0-be6c-4919-9e58-4271e3fcfcdb;2024-03-12;1;OCTO;5;2025-08-29 16:16:03;2025-08-29 16:16:03;
c632d9d3-42f1-4ba1-b07b-cd7e591538b9;2024-04-30;0;;2;2025-08-29 16:16:04;2025-08-29 16:16:04;
c6ba6a20-7226-4ddb-b2dc-1f2ec9c7600e;2025-04-16;0;;7;2025-08-29 16:16:05;2025-08-29 16:16:05;
c6fc035b-3655-4037-a0d9-f86e5ba9ce21;2024-03-01;0;;2;2025-08-29 16:16:03;2025-08-29 16:16:03;
c7778b17-bf8e-494f-b446-fa0ce24e361a;2024-01-15;0;;2;2025-08-29 16:16:03;2025-08-29 16:16:03;
c811f505-2648-4fb9-b6a7-26a668dfb24c;2025-09-04;0;;7;2025-08-29 16:16:07;2025-08-29 16:16:07;
cb10495c-41be-4525-9c53-0f2bfdcba7cc;2025-02-14;0;;5;2025-08-29 16:16:05;2025-08-29 16:16:05;
cba0a9e3-b824-4392-a9bd-c27fc78ae17d;2025-04-24;0;;6;2025-08-29 16:16:05;2025-08-29 16:16:05;
cd854e78-3f98-48a2-925a-bf193bfb915f;2024-08-27;0;;5;2025-08-29 16:16:04;2025-08-29 16:16:04;
ce595307-d67b-4534-8140-b370ae3facd1;2025-08-22;0;;9;2025-08-29 16:16:07;2025-08-29 16:16:07;
ce68c97f-2981-47e5-bf05-b1c5d93fffa3;2024-12-13;0;;4;2025-08-29 16:16:04;2025-08-29 16:16:04;
d046825b-baad-4fd4-8e01-712d15658d98;2024-08-29;0;;2;2025-08-29 16:16:04;2025-08-29 16:16:04;
d0ae22ec-dcf0-42b2-9a29-8b0bb86d53f8;2025-02-20;0;;6;2025-08-29 16:16:05;2025-08-29 16:16:05;
d15e010d-5f54-406f-9916-15557788f068;2025-01-17;0;;5;2025-08-29 16:16:05;2025-08-29 16:16:05;
d1b780a9-53d4-457b-9a67-a6708f23f489;2025-03-06;0;;5;2025-08-29 16:16:05;2025-08-29 16:16:05;
d30455b0-353f-46a9-84d7-b962d551787f;2025-01-23;0;;6;2025-08-29 16:16:05;2025-08-29 16:16:05;
d386fdfb-3a99-496d-b6b1-41fed904c4c5;2025-06-25;0;;7;2025-08-29 16:16:06;2025-08-29 16:16:06;
d3973cdb-3380-4cb2-afbb-f8cbe902f9ab;2025-08-26;1;OCTO;9;2025-08-29 16:16:07;2025-08-29 16:16:07;
d39f01d4-6ce9-4076-9f38-91cdd565376c;2025-02-24;0;;6;2025-08-29 16:16:05;2025-08-29 16:16:05;
d4df32d7-069d-4d61-af50-93c70e51d8b2;2024-02-29;0;;5;2025-08-29 16:16:03;2025-08-29 16:16:03;
d4fbcf04-c02e-4707-84f9-bdb45b706d06;2024-07-22;0;;3;2025-08-29 16:16:04;2025-08-29 16:16:04;
d667ab7a-a498-45cd-b261-789d92efae3a;2024-11-22;0;;2;2025-08-29 16:16:04;2025-08-29 16:16:04;
d70f39ea-dd65-403f-a4b4-c3fe54914200;2024-12-18;0;;2;2025-08-29 16:16:04;2025-08-29 16:16:04;
d7520f07-0d73-4734-b88b-6df6ca452359;2025-08-29;0;;9;2025-08-29 16:16:07;2025-08-29 16:16:07;
d7bbef27-05f0-4c8f-9b6d-0af2c7775247;2025-09-24;1;AF;8;2025-08-29 16:16:07;2025-08-29 16:16:07;
d8255bbf-1384-4d48-91e1-cd29dee22c05;2024-06-03;0;;1;2025-08-29 16:16:04;2025-08-29 16:16:04;
d90c4b95-725d-44de-87c8-5fe3d9b24720;2025-10-02;0;;7;2025-08-29 16:16:07;2025-08-29 16:16:07;
d9fd1693-a759-42a7-a143-46762f020e90;2024-07-01;0;;2;2025-08-29 16:16:04;2025-08-29 16:16:04;
da70af96-051c-4c0b-a8c7-4d284840e73e;2025-05-16;0;;7;2025-08-29 16:16:06;2025-08-29 16:16:06;
dabcba94-d0f7-4679-bfee-e9db28b372ab;2025-08-05;0;;9;2025-08-29 16:16:06;2025-08-29 16:16:06;
dba33c0b-1c16-4c00-9909-d57e061b4d7f;2025-01-29;0;;5;2025-08-29 16:16:05;2025-08-29 16:16:05;
dbc0db8c-4e2a-456e-a58c-11c7386676c2;2024-01-29;0;;2;2025-08-29 16:16:03;2025-08-29 16:16:03;
dd69d575-f298-43fe-b2c6-03071d676fe3;2025-02-10;1;FRONT;9;2025-08-29 16:16:05;2025-08-29 16:16:05;
dd88885a-98a1-4ec4-9369-06137f9d37a2;2025-05-02;0;;4;2025-08-29 16:16:05;2025-08-29 16:16:05;
ddc2b7dd-a7fa-480e-be5f-5fca7dafd6f4;2024-01-26;1;OCTO;6;2025-08-29 16:16:03;2025-08-29 16:16:03;
de08c61a-c325-4a23-9b6f-220169676789;2024-10-08;0;;1;2025-08-29 16:16:04;2025-08-29 16:16:04;
de7795e2-8f95-48f0-ad26-88f18b06601a;2024-04-11;0;;4;2025-08-29 16:16:03;2025-08-29 16:16:03;
e059db7e-9821-4a6b-8e31-40cb9c40cdbf;2025-09-23;0;;7;2025-08-29 16:16:07;2025-08-29 16:16:07;
e1786384-07b1-4103-855d-c2598dd5041b;2024-07-23;1;OCTO;6;2025-08-29 16:16:04;2025-08-29 16:16:04;
e205fa28-9b18-40a6-ab1b-500be5693e28;2024-01-23;0;;4;2025-08-29 16:16:03;2025-08-29 16:16:03;
e325dade-8346-4f8f-9c43-2fa100894813;2024-01-22;0;;5;2025-08-29 16:16:03;2025-08-29 16:16:03;
e41dfc45-8954-4edc-83e7-248d3413ef92;2025-02-11;0;;8;2025-08-29 16:16:05;2025-08-29 16:16:05;
e4dd4f55-f187-46d1-96a3-168861cf5490;2024-02-15;0;;4;2025-08-29 16:16:03;2025-08-29 16:16:03;
e57e111b-f039-4619-a6dc-c08613e700f6;2024-02-01;0;;4;2025-08-29 16:16:03;2025-08-29 16:16:03;
e7dfe913-540b-4a33-8848-b83f0ef33e37;2025-09-18;0;;7;2025-08-29 16:16:07;2025-08-29 16:16:07;
e82aa0eb-e7ec-4ec6-8955-0390909a5821;2024-03-14;0;;3;2025-08-29 16:16:03;2025-08-29 16:16:03;
e8504de6-ca79-4cae-8373-f28d1fdb960f;2023-12-06;0;;2;2025-08-29 16:16:03;2025-08-29 16:16:03;
e87ae8f3-e645-45f4-bb6c-3f0995ab75cc;2023-12-27;1;OCTO;6;2025-08-29 16:16:03;2025-08-29 16:16:03;
e98fadb0-fb5f-4c44-91a1-f73ffe9b9794;2024-05-27;0;;3;2025-08-29 16:16:04;2025-08-29 16:16:04;
e9cf203c-2e0c-436c-af8d-9d7bb5cdfb27;2024-06-19;0;;4;2025-08-29 16:16:04;2025-08-29 16:16:04;
eabb43f7-d85c-4e10-9c33-f29e6dc60cf3;2025-06-09;0;;8;2025-08-29 16:16:06;2025-08-29 16:16:06;
ebbbbc6f-85a9-44d1-b613-2b2ea07ac463;2024-09-02;0;;1;2025-08-29 16:16:04;2025-08-29 16:16:04;
ebe8ad46-7416-4de4-8a85-8c398673a36f;2025-08-20;0;;7;2025-08-29 16:16:07;2025-08-29 16:16:07;
ec83f560-23a9-46bb-97d5-0c9d0b776bdd;2025-07-16;0;;8;2025-08-29 16:16:06;2025-08-29 16:16:06;
ed59c6f8-78f4-4bc0-966e-551b103cde14;2025-09-30;0;;6;2025-08-29 16:16:07;2025-08-29 16:16:07;
ed72c42f-87ba-4748-afed-f831fd2bd3f1;2024-12-30;0;;4;2025-08-29 16:16:04;2025-08-29 16:16:04;
edda0c51-8062-48a6-b20f-51c014bc1a2e;2025-03-11;0;;5;2025-08-29 16:16:05;2025-08-29 16:16:05;
ede2870b-cca2-4db7-ac63-a670c5909029;2025-02-25;0;;6;2025-08-29 16:16:05;2025-08-29 16:16:05;
eef621eb-e969-4dcc-8589-2965f387f296;2025-02-12;0;;6;2025-08-29 16:16:05;2025-08-29 16:16:05;
f071c513-ee36-4d56-8311-0bee8d2e9021;2024-09-24;0;;1;2025-08-29 16:16:04;2025-08-29 16:16:04;
f08a1dc5-7896-43a1-8629-02eb4f594c2d;2024-02-20;0;;4;2025-08-29 16:16:03;2025-08-29 16:16:03;
f09e0c83-e42b-4d1f-ada0-bee9f034b532;2024-10-17;0;;2;2025-08-29 16:16:04;2025-08-29 16:16:04;
f0c15dc6-88ae-49ba-9026-4b92a4dbf019;2024-11-08;0;;2;2025-08-29 16:16:04;2025-08-29 16:16:04;
f24806a6-3a6b-4550-a78e-af8ab4f4c0c5;2024-08-26;0;;5;2025-08-29 16:16:04;2025-08-29 16:16:04;
f2f0a835-80ac-408c-b9d2-5eea9c012003;2025-07-22;1;FRONT;11;2025-08-29 16:16:06;2025-08-29 16:16:06;
f5c32ebe-972e-4b20-a0b8-50c10e0a5090;2025-04-09;0;;6;2025-08-29 16:16:05;2025-08-29 16:16:05;
f5ed2eca-adb5-4095-b891-b50c12156327;2024-12-11;0;;3;2025-08-29 16:16:04;2025-08-29 16:16:04;
f6a789b3-6815-4477-9fb1-0a5639009e14;2025-06-23;0;;7;2025-08-29 16:16:06;2025-08-29 16:16:06;
f7424a44-2cf6-4094-9d95-800e72915d7e;2025-08-01;0;;8;2025-08-29 16:16:06;2025-08-29 16:16:06;
f87954a0-cdf2-45c9-b442-623c47790f25;2024-07-31;0;;1;2025-08-29 16:16:04;2025-08-29 16:16:04;
f8c6565f-dbb8-42d7-a644-a6e70f6a7eeb;2025-03-17;0;;5;2025-08-29 16:16:05;2025-08-29 16:16:05;
f9206ec1-1f12-4642-b1be-349374d0a2f7;2025-03-10;1;FRONT;7;2025-08-29 16:16:05;2025-08-29 16:16:05;
f92c478d-50ae-4b42-ae0b-b0977c554ad7;2025-09-02;0;;7;2025-08-29 16:16:07;2025-08-29 16:16:07;
f9672e70-d4d6-4cb3-947a-6dd96b8d6abe;2025-01-21;1;OCTO;7;2025-08-29 16:16:05;2025-08-29 16:16:05;
fa8f5b64-e7cc-42c7-8535-99c591477e8d;2024-07-16;0;;1;2025-08-29 16:16:04;2025-08-29 16:16:04;
fab5f3ff-09e8-4ca0-98a7-6276c4e660e6;2024-06-07;0;;4;2025-08-29 16:16:04;2025-08-29 16:16:04;
fb0c72db-9836-4815-b4aa-9af85fdd25b7;2023-11-29;0;;4;2025-08-29 16:16:03;2025-08-29 16:16:03;
fbc05ff5-3af2-4aca-be6e-26f9a2e3b1a8;2024-03-22;0;;2;2025-08-29 16:16:03;2025-08-29 16:16:03;
fbcb3343-5303-4058-9de4-56eb32be84e6;2024-10-22;0;;3;2025-08-29 16:16:04;2025-08-29 16:16:04;
fbd647ad-f088-4f85-bc88-f0ddbcfe11c4;2024-08-28;0;;5;2025-08-29 16:16:04;2025-08-29 16:16:04;
fc431e09-0514-498b-b777-351694893f9f;2025-04-14;0;;7;2025-08-29 16:16:05;2025-08-29 16:16:05;
fc5aae55-2f74-4361-b3bc-7c57606fca5d;2024-05-21;0;;4;2025-08-29 16:16:04;2025-08-29 16:16:04;
fd152576-eedb-4bd0-a4a8-402816bdd9a4;2025-03-25;0;;5;2025-08-29 16:16:05;2025-08-29 16:16:05;
fd5d68e7-6e34-46db-9d73-498d506df549;2024-11-29;0;;3;2025-08-29 16:16:04;2025-08-29 16:16:04;
feb3ac99-e885-4e8d-93b1-85ad6fa7584a;2025-01-30;0;;7;2025-08-29 16:16:05;2025-08-29 16:16:05;
fecfb6ed-bd2b-4731-8e2f-ba50518a0d2c;2025-01-13;0;;5;2025-08-29 16:16:05;2025-08-29 16:16:05;
